{"version": "1", "message": "ERROR: Hidden Testcases server unreachable.", "problem_id": "m19_a1", "user_id": "SupriyaMadupathi", "score": {"sample": {"0": {"execution_time": 0.08182072639465332, "passed": false}, "1": {"execution_time": 0.07576608657836914, "passed": false}, "2": {"execution_time": 0.08078837394714355, "passed": false}, "3": {"execution_time": 0.08082389831542969, "passed": false}, "4": {"execution_time": 0.07778787612915039, "passed": false}, "5": {"execution_time": 0.06682109832763672, "passed": false}, "6": {"execution_time": 0.05984187126159668, "passed": false}, "7": {"execution_time": 0.05984139442443848, "passed": false}, "8": {"execution_time": 0.05684828758239746, "passed": false}, "9": {"execution_time": 0.06283283233642578, "passed": false}, "10": {"execution_time": 0.0578455924987793, "passed": false}, "11": {"execution_time": 0.060837507247924805, "passed": false}, "12": {"execution_time": 0.05684781074523926, "passed": false}}}, "pylint_score": "0/0"}