{"version": "1", "message": "ERROR: Hidden Testcases server unreachable.", "problem_id": "m19_a1", "user_id": "SupriyaMadupathi", "score": {"sample": {"0": {"execution_time": 0.08389091491699219, "passed": true}, "1": {"execution_time": 0.041405439376831055, "passed": true}, "2": {"execution_time": 0.04024314880371094, "passed": true}, "3": {"execution_time": 0.03995013236999512, "passed": false}, "4": {"execution_time": 0.0399479866027832, "passed": true}, "5": {"execution_time": 0.03994464874267578, "passed": false}, "6": {"execution_time": 0.03815746307373047, "passed": false}, "7": {"execution_time": 0.037316083908081055, "passed": false}, "8": {"execution_time": 0.03994560241699219, "passed": false}, "9": {"execution_time": 0.03999733924865723, "passed": false}, "10": {"execution_time": 0.03989696502685547, "passed": false}, "11": {"execution_time": 0.04053926467895508, "passed": false}, "12": {"execution_time": 0.03595137596130371, "passed": false}}}, "pylint_score": "5/10"}