{"version": "1", "message": "ERROR: Hidden Testcases server unreachable.", "problem_id": "m19_a1", "user_id": "SupriyaMadupathi", "score": {"sample": {"0": {"execution_time": 0.039911746978759766, "passed": true}, "1": {"execution_time": 0.03799104690551758, "passed": true}, "2": {"execution_time": 0.03735208511352539, "passed": true}, "3": {"execution_time": 0.038118839263916016, "passed": false}, "4": {"execution_time": 0.03788399696350098, "passed": true}, "5": {"execution_time": 0.03708386421203613, "passed": false}, "6": {"execution_time": 0.03779768943786621, "passed": false}, "7": {"execution_time": 0.03693890571594238, "passed": false}, "8": {"execution_time": 0.037628173828125, "passed": false}, "9": {"execution_time": 0.03849387168884277, "passed": false}, "10": {"execution_time": 0.03830265998840332, "passed": false}, "11": {"execution_time": 0.03790283203125, "passed": false}, "12": {"execution_time": 0.03789186477661133, "passed": false}}}, "pylint_score": "5/10"}