{"version": "1", "message": "ERROR: Hidden Testcases server unreachable.", "problem_id": "m19_a1", "user_id": "SupriyaMadupathi", "score": {"sample": {"0": {"execution_time": 0.03784990310668945, "passed": false}, "1": {"execution_time": 0.038066864013671875, "passed": false}, "2": {"execution_time": 0.03794145584106445, "passed": false}, "3": {"execution_time": 0.03790569305419922, "passed": false}, "4": {"execution_time": 0.037659645080566406, "passed": false}, "5": {"execution_time": 0.03844094276428223, "passed": false}, "6": {"execution_time": 0.037909507751464844, "passed": false}, "7": {"execution_time": 0.03714609146118164, "passed": false}, "8": {"execution_time": 0.03786134719848633, "passed": false}, "9": {"execution_time": 0.03834939002990723, "passed": false}, "10": {"execution_time": 0.03855395317077637, "passed": false}, "11": {"execution_time": 0.03787493705749512, "passed": false}, "12": {"execution_time": 0.037340641021728516, "passed": false}}}, "pylint_score": "5/10"}