{"version": "1", "message": "ERROR: Hidden Testcases server unreachable.", "problem_id": "m19_a1", "user_id": "SupriyaMadupathi", "score": {"sample": {"0": {"execution_time": 0.046872615814208984, "passed": true}, "1": {"execution_time": 0.041930437088012695, "passed": true}, "2": {"execution_time": 0.039487600326538086, "passed": true}, "3": {"execution_time": 0.04492616653442383, "passed": false}, "4": {"execution_time": 0.04089069366455078, "passed": true}, "5": {"execution_time": 0.04288601875305176, "passed": false}, "6": {"execution_time": 0.041887760162353516, "passed": false}, "7": {"execution_time": 0.0429840087890625, "passed": false}, "8": {"execution_time": 0.04082965850830078, "passed": false}, "9": {"execution_time": 0.04100513458251953, "passed": false}, "10": {"execution_time": 0.04388260841369629, "passed": false}, "11": {"execution_time": 0.04134678840637207, "passed": false}, "12": {"execution_time": 0.03989744186401367, "passed": false}}}, "pylint_score": "5/10"}