{"version": "1", "message": "ERROR: Hidden Testcases server unreachable.", "problem_id": "m19_a1", "user_id": "SupriyaMadupathi", "score": {"sample": {"0": {"execution_time": 0.04187941551208496, "passed": false}, "1": {"execution_time": 0.038633108139038086, "passed": false}, "2": {"execution_time": 0.04790806770324707, "passed": false}, "3": {"execution_time": 0.038373708724975586, "passed": false}, "4": {"execution_time": 0.03733348846435547, "passed": false}, "5": {"execution_time": 0.036940813064575195, "passed": false}, "6": {"execution_time": 0.03788280487060547, "passed": false}, "7": {"execution_time": 0.03899574279785156, "passed": false}, "8": {"execution_time": 0.038506269454956055, "passed": false}, "9": {"execution_time": 0.03791666030883789, "passed": false}, "10": {"execution_time": 0.03708457946777344, "passed": false}, "11": {"execution_time": 0.03789782524108887, "passed": false}, "12": {"execution_time": 0.03851604461669922, "passed": false}}}, "pylint_score": "0/0"}