{"version": "1", "message": "ERROR: Hidden Testcases server unreachable.", "problem_id": "m19_a1", "user_id": "SupriyaMadupathi", "score": {"sample": {"0": {"execution_time": 0.0936884880065918, "passed": true}, "1": {"execution_time": 0.08020639419555664, "passed": true}, "2": {"execution_time": 0.03120732307434082, "passed": true}, "3": {"execution_time": 0.046898841857910156, "passed": true}, "4": {"execution_time": 0.04686093330383301, "passed": true}, "5": {"execution_time": 0.07764816284179688, "passed": true}, "6": {"execution_time": 0.031226396560668945, "passed": true}, "7": {"execution_time": 0.03127861022949219, "passed": true}, "8": {"execution_time": 0.0468294620513916, "passed": true}, "9": {"execution_time": 0.04505300521850586, "passed": true}, "10": {"execution_time": 0.04686403274536133, "passed": true}, "11": {"execution_time": 0.046864986419677734, "passed": true}, "12": {"execution_time": 0.03127646446228027, "passed": true}}}, "pylint_score": "0/0"}