{"version": "1", "message": "ERROR: Hidden Testcases server unreachable.", "problem_id": "m19_a1", "user_id": "SupriyaMadupathi", "score": {"sample": {"0": {"execution_time": 0.04085421562194824, "passed": true}, "1": {"execution_time": 0.04400467872619629, "passed": true}, "2": {"execution_time": 0.04089069366455078, "passed": true}, "3": {"execution_time": 0.04094290733337402, "passed": false}, "4": {"execution_time": 0.04382801055908203, "passed": true}, "5": {"execution_time": 0.040889739990234375, "passed": false}, "6": {"execution_time": 0.04587984085083008, "passed": false}, "7": {"execution_time": 0.03960251808166504, "passed": false}, "8": {"execution_time": 0.04189014434814453, "passed": false}, "9": {"execution_time": 0.04587507247924805, "passed": false}, "10": {"execution_time": 0.04112744331359863, "passed": false}, "11": {"execution_time": 0.04487776756286621, "passed": false}, "12": {"execution_time": 0.039891719818115234, "passed": false}}}, "pylint_score": "5/10"}