{"version": "1", "message": "ERROR: Hidden Testcases server unreachable.", "problem_id": "m19_a1", "user_id": "SupriyaMadupathi", "score": {"sample": {"0": {"execution_time": 0.04284811019897461, "passed": true}, "1": {"execution_time": 0.044175148010253906, "passed": true}, "2": {"execution_time": 0.04388570785522461, "passed": true}, "3": {"execution_time": 0.04288148880004883, "passed": false}, "4": {"execution_time": 0.04059553146362305, "passed": false}, "5": {"execution_time": 0.04089069366455078, "passed": false}, "6": {"execution_time": 0.044883012771606445, "passed": false}, "7": {"execution_time": 0.04088544845581055, "passed": false}, "8": {"execution_time": 0.04470658302307129, "passed": false}, "9": {"execution_time": 0.04308438301086426, "passed": false}, "10": {"execution_time": 0.0409388542175293, "passed": false}, "11": {"execution_time": 0.0421750545501709, "passed": false}, "12": {"execution_time": 0.03973817825317383, "passed": false}}}, "pylint_score": "5/10"}