{"version": "1", "message": "ERROR: Hidden Testcases server unreachable.", "problem_id": "final_exam_a1_1", "user_id": "SupriyaMadupathi", "score": {"sample": {"0": {"execution_time": 0.07479572296142578, "passed": true}, "1": {"execution_time": 0.0847768783569336, "passed": false}, "2": {"execution_time": 0.08473992347717285, "passed": true}, "3": {"execution_time": 0.08676743507385254, "passed": true}, "4": {"execution_time": 0.08975815773010254, "passed": true}, "5": {"execution_time": 0.08477044105529785, "passed": false}, "6": {"execution_time": 0.08774185180664062, "passed": false}, "7": {"execution_time": 0.08780097961425781, "passed": false}, "8": {"execution_time": 0.08676290512084961, "passed": false}, "9": {"execution_time": 0.0870523452758789, "passed": false}, "10": {"execution_time": 0.09075522422790527, "passed": false}, "11": {"execution_time": 0.08286547660827637, "passed": false}, "12": {"execution_time": 0.08672738075256348, "passed": false}, "13": {"execution_time": 0.0847768783569336, "passed": false}}}, "pylint_score": "-9/10"}