{"version": "1", "message": "ERROR: Hidden Testcases server unreachable.", "problem_id": "final_exam_a1_1", "user_id": "SupriyaMadupathi", "score": {"sample": {"0": {"execution_time": 0.0385127067565918, "passed": true}, "1": {"execution_time": 0.03789973258972168, "passed": true}, "2": {"execution_time": 0.03866291046142578, "passed": true}, "3": {"execution_time": 0.03788447380065918, "passed": true}, "4": {"execution_time": 0.03776836395263672, "passed": true}, "5": {"execution_time": 0.03796696662902832, "passed": true}, "6": {"execution_time": 0.038451194763183594, "passed": false}, "7": {"execution_time": 0.03819441795349121, "passed": false}, "8": {"execution_time": 0.03790163993835449, "passed": false}, "9": {"execution_time": 0.03826570510864258, "passed": false}, "10": {"execution_time": 0.03728961944580078, "passed": false}, "11": {"execution_time": 0.037549495697021484, "passed": false}, "12": {"execution_time": 0.03769111633300781, "passed": false}, "13": {"execution_time": 0.037398338317871094, "passed": false}}}, "pylint_score": "-5/10"}