{"version": "1", "message": "ERROR: Hidden Testcases server unreachable.", "problem_id": "final_exam_a1_1", "user_id": "SupriyaMadupathi", "score": {"sample": {"0": {"execution_time": 0.054055213928222656, "passed": true}, "1": {"execution_time": 0.04306983947753906, "passed": true}, "2": {"execution_time": 0.04488015174865723, "passed": true}, "3": {"execution_time": 0.04293632507324219, "passed": true}, "4": {"execution_time": 0.04388546943664551, "passed": true}, "5": {"execution_time": 0.043882131576538086, "passed": true}, "6": {"execution_time": 0.0388948917388916, "passed": true}, "7": {"execution_time": 0.04388165473937988, "passed": true}, "8": {"execution_time": 0.051859378814697266, "passed": false}, "9": {"execution_time": 0.04783344268798828, "passed": false}, "10": {"execution_time": 0.04188871383666992, "passed": false}, "11": {"execution_time": 0.05186152458190918, "passed": false}, "12": {"execution_time": 0.04451155662536621, "passed": false}, "13": {"execution_time": 0.041886091232299805, "passed": false}}}, "pylint_score": "-5/10"}