{"version": "1", "message": "ERROR: Hidden Testcases server unreachable.", "problem_id": "final_exam_a1_1", "user_id": "SupriyaMadupathi", "score": {"sample": {"0": {"execution_time": 0.04787158966064453, "passed": true}, "1": {"execution_time": 0.04787087440490723, "passed": true}, "2": {"execution_time": 0.047241926193237305, "passed": true}, "3": {"execution_time": 0.045876264572143555, "passed": true}, "4": {"execution_time": 0.04886984825134277, "passed": true}, "5": {"execution_time": 0.04689621925354004, "passed": true}, "6": {"execution_time": 0.05086326599121094, "passed": false}, "7": {"execution_time": 0.047873735427856445, "passed": false}, "8": {"execution_time": 0.05034828186035156, "passed": false}, "9": {"execution_time": 0.047933101654052734, "passed": false}, "10": {"execution_time": 0.06384134292602539, "passed": false}, "11": {"execution_time": 0.08476710319519043, "passed": false}, "12": {"execution_time": 0.08976030349731445, "passed": false}, "13": {"execution_time": 0.08677387237548828, "passed": false}}}, "pylint_score": "-7/10"}