{"version": "1", "message": "ERROR: Hidden Testcases server unreachable.", "problem_id": "final_exam_a1_1", "user_id": "SupriyaMadupathi", "score": {"sample": {"0": {"execution_time": 0.0469667911529541, "passed": true}, "1": {"execution_time": 0.04288458824157715, "passed": true}, "2": {"execution_time": 0.046874284744262695, "passed": true}, "3": {"execution_time": 0.04487895965576172, "passed": true}, "4": {"execution_time": 0.04209780693054199, "passed": true}, "5": {"execution_time": 0.05285930633544922, "passed": true}, "6": {"execution_time": 0.04322361946105957, "passed": true}, "7": {"execution_time": 0.04587674140930176, "passed": true}, "8": {"execution_time": 0.04042983055114746, "passed": false}, "9": {"execution_time": 0.04687929153442383, "passed": false}, "10": {"execution_time": 0.04154062271118164, "passed": false}, "11": {"execution_time": 0.04288792610168457, "passed": true}, "12": {"execution_time": 0.045876502990722656, "passed": true}, "13": {"execution_time": 0.04089236259460449, "passed": true}}}, "pylint_score": "-4/10"}