{"version": "1", "message": "ERROR: Hidden Testcases server unreachable.", "problem_id": "final_exam_a1_1", "user_id": "SupriyaMadupathi", "score": {"sample": {"0": {"execution_time": 0.04248857498168945, "passed": true}, "1": {"execution_time": 0.03963446617126465, "passed": false}, "2": {"execution_time": 0.040740966796875, "passed": true}, "3": {"execution_time": 0.03992342948913574, "passed": true}, "4": {"execution_time": 0.040032386779785156, "passed": true}, "5": {"execution_time": 0.03889107704162598, "passed": true}, "6": {"execution_time": 0.039675235748291016, "passed": false}, "7": {"execution_time": 0.03991508483886719, "passed": false}, "8": {"execution_time": 0.04156970977783203, "passed": false}, "9": {"execution_time": 0.03965139389038086, "passed": false}, "10": {"execution_time": 0.03941035270690918, "passed": false}, "11": {"execution_time": 0.04114365577697754, "passed": false}, "12": {"execution_time": 0.03934025764465332, "passed": false}, "13": {"execution_time": 0.039079904556274414, "passed": false}}}, "pylint_score": "-9/10"}