{"version": "1", "message": "ERROR: Hidden Testcases server unreachable.", "problem_id": "final_exam_a1_1", "user_id": "SupriyaMadupathi", "score": {"sample": {"0": {"execution_time": 0.03888225555419922, "passed": true}, "1": {"execution_time": 0.03715634346008301, "passed": true}, "2": {"execution_time": 0.03789377212524414, "passed": true}, "3": {"execution_time": 0.03790163993835449, "passed": true}, "4": {"execution_time": 0.037638187408447266, "passed": true}, "5": {"execution_time": 0.03731513023376465, "passed": true}, "6": {"execution_time": 0.03789687156677246, "passed": false}, "7": {"execution_time": 0.03829026222229004, "passed": false}, "8": {"execution_time": 0.0376896858215332, "passed": false}, "9": {"execution_time": 0.03789806365966797, "passed": false}, "10": {"execution_time": 0.038213491439819336, "passed": false}, "11": {"execution_time": 0.03735852241516113, "passed": false}, "12": {"execution_time": 0.03893113136291504, "passed": false}, "13": {"execution_time": 0.0385432243347168, "passed": false}}}, "pylint_score": "-8/10"}