{"version": "1", "message": "ERROR: Hidden Testcases server unreachable.", "problem_id": "cspp1_m10_a1_1", "user_id": "SupriyaMadupathi", "score": {"sample": {"0": {"execution_time": 0.04788017272949219, "passed": true}, "1": {"execution_time": 0.0384211540222168, "passed": false}, "2": {"execution_time": 0.03744173049926758, "passed": false}, "3": {"execution_time": 0.03755593299865723, "passed": false}, "4": {"execution_time": 0.03820323944091797, "passed": false}, "5": {"execution_time": 0.03789877891540527, "passed": false}, "6": {"execution_time": 0.03897809982299805, "passed": false}, "7": {"execution_time": 0.03836870193481445, "passed": false}, "8": {"execution_time": 0.03765058517456055, "passed": false}, "9": {"execution_time": 0.03790926933288574, "passed": false}, "10": {"execution_time": 0.03811383247375488, "passed": false}, "11": {"execution_time": 0.03878641128540039, "passed": false}, "12": {"execution_time": 0.037821292877197266, "passed": false}, "13": {"execution_time": 0.037924766540527344, "passed": false}, "14": {"execution_time": 0.03842616081237793, "passed": false}, "15": {"execution_time": 0.03812909126281738, "passed": false}, "16": {"execution_time": 0.03793787956237793, "passed": false}, "17": {"execution_time": 0.03793787956237793, "passed": false}, "18": {"execution_time": 0.03790616989135742, "passed": false}, "19": {"execution_time": 0.03812456130981445, "passed": false}, "20": {"execution_time": 0.03776240348815918, "passed": false}, "21": {"execution_time": 0.0370023250579834, "passed": false}, "22": {"execution_time": 0.0382227897644043, "passed": false}, "23": {"execution_time": 0.038897037506103516, "passed": false}, "24": {"execution_time": 0.03831768035888672, "passed": false}}}, "pylint_score": "2/10"}