{"version": "1", "message": "ERROR: Hidden Testcases server unreachable.", "problem_id": "cspp1_m10_a1_1", "user_id": "SupriyaMadupathi", "score": {"sample": {"0": {"execution_time": 0.0839223861694336, "passed": false}, "1": {"execution_time": 0.03994631767272949, "passed": false}, "2": {"execution_time": 0.04399561882019043, "passed": false}, "3": {"execution_time": 0.039895057678222656, "passed": false}, "4": {"execution_time": 0.03994560241699219, "passed": false}, "5": {"execution_time": 0.0399472713470459, "passed": false}, "6": {"execution_time": 0.039945363998413086, "passed": false}, "7": {"execution_time": 0.03596329689025879, "passed": false}, "8": {"execution_time": 0.039968252182006836, "passed": false}, "9": {"execution_time": 0.039925336837768555, "passed": false}, "10": {"execution_time": 0.0399935245513916, "passed": false}, "11": {"execution_time": 0.03993368148803711, "passed": false}, "12": {"execution_time": 0.03992867469787598, "passed": false}, "13": {"execution_time": 0.039932966232299805, "passed": false}, "14": {"execution_time": 0.039945125579833984, "passed": false}, "15": {"execution_time": 0.03751254081726074, "passed": false}, "16": {"execution_time": 0.04394197463989258, "passed": false}, "17": {"execution_time": 0.035950422286987305, "passed": false}, "18": {"execution_time": 0.03599071502685547, "passed": false}, "19": {"execution_time": 0.043903350830078125, "passed": false}, "20": {"execution_time": 0.03998112678527832, "passed": false}, "21": {"execution_time": 0.03991198539733887, "passed": false}, "22": {"execution_time": 0.038425445556640625, "passed": false}, "23": {"execution_time": 0.03998160362243652, "passed": false}, "24": {"execution_time": 0.04080033302307129, "passed": false}}}, "pylint_score": "1/10"}