{"version": "1", "message": "ERROR: Hidden Testcases server unreachable.", "problem_id": "cspp1_m10_a1_1", "user_id": "SupriyaMadupathi", "score": {"sample": {"0": {"execution_time": 0.14947724342346191, "passed": false}, "1": {"execution_time": 0.09428143501281738, "passed": false}, "2": {"execution_time": 0.09788370132446289, "passed": false}, "3": {"execution_time": 0.09875965118408203, "passed": false}, "4": {"execution_time": 0.11248350143432617, "passed": false}, "5": {"execution_time": 0.07149887084960938, "passed": false}, "6": {"execution_time": 0.043938398361206055, "passed": false}, "7": {"execution_time": 0.05838298797607422, "passed": false}, "8": {"execution_time": 0.07535481452941895, "passed": false}, "9": {"execution_time": 0.12288355827331543, "passed": false}, "10": {"execution_time": 0.060948848724365234, "passed": false}, "11": {"execution_time": 0.04523611068725586, "passed": false}, "12": {"execution_time": 0.05399131774902344, "passed": false}, "13": {"execution_time": 0.06008100509643555, "passed": false}, "14": {"execution_time": 0.06901192665100098, "passed": false}, "15": {"execution_time": 0.07603669166564941, "passed": false}, "16": {"execution_time": 0.12198543548583984, "passed": false}, "17": {"execution_time": 0.13199996948242188, "passed": false}, "18": {"execution_time": 0.053858280181884766, "passed": false}, "19": {"execution_time": 0.055957794189453125, "passed": false}, "20": {"execution_time": 0.08449888229370117, "passed": false}, "21": {"execution_time": 0.05338549613952637, "passed": false}, "22": {"execution_time": 0.04432988166809082, "passed": false}, "23": {"execution_time": 0.05005764961242676, "passed": false}, "24": {"execution_time": 0.06800150871276855, "passed": false}}}, "pylint_score": "-2/10"}