{"version": "1", "message": "ERROR: Hidden Testcases server unreachable.", "problem_id": "cspp1_m10_a1_1", "user_id": "SupriyaMadupathi", "score": {"sample": {"0": {"execution_time": 0.05984997749328613, "passed": false}, "1": {"execution_time": 0.03998112678527832, "passed": false}, "2": {"execution_time": 0.03991270065307617, "passed": false}, "3": {"execution_time": 0.03773856163024902, "passed": false}, "4": {"execution_time": 0.035987138748168945, "passed": false}, "5": {"execution_time": 0.03598618507385254, "passed": false}, "6": {"execution_time": 0.039913177490234375, "passed": false}, "7": {"execution_time": 0.03595256805419922, "passed": false}, "8": {"execution_time": 0.03997945785522461, "passed": false}, "9": {"execution_time": 0.03994941711425781, "passed": false}, "10": {"execution_time": 0.03991222381591797, "passed": false}, "11": {"execution_time": 0.0359492301940918, "passed": false}, "12": {"execution_time": 0.03995203971862793, "passed": false}, "13": {"execution_time": 0.04001045227050781, "passed": false}, "14": {"execution_time": 0.039946794509887695, "passed": false}, "15": {"execution_time": 0.03699135780334473, "passed": false}, "16": {"execution_time": 0.038394927978515625, "passed": false}, "17": {"execution_time": 0.03599238395690918, "passed": false}, "18": {"execution_time": 0.03990578651428223, "passed": false}, "19": {"execution_time": 0.03599071502685547, "passed": false}, "20": {"execution_time": 0.03990817070007324, "passed": false}, "21": {"execution_time": 0.0399470329284668, "passed": false}, "22": {"execution_time": 0.037447452545166016, "passed": false}, "23": {"execution_time": 0.03599190711975098, "passed": false}, "24": {"execution_time": 0.035997629165649414, "passed": false}}}, "pylint_score": "-16/10"}