{"version": "1", "message": "ERROR: Hidden Testcases server unreachable.", "problem_id": "cspp1_m10_a1_1", "user_id": "SupriyaMadupathi", "score": {"sample": {"0": {"execution_time": 0.04288172721862793, "passed": true}, "1": {"execution_time": 0.03897690773010254, "passed": false}, "2": {"execution_time": 0.03885841369628906, "passed": false}, "3": {"execution_time": 0.03981328010559082, "passed": false}, "4": {"execution_time": 0.03989410400390625, "passed": false}, "5": {"execution_time": 0.03896450996398926, "passed": false}, "6": {"execution_time": 0.038848876953125, "passed": false}, "7": {"execution_time": 0.039520263671875, "passed": false}, "8": {"execution_time": 0.03885531425476074, "passed": false}, "9": {"execution_time": 0.03889608383178711, "passed": false}, "10": {"execution_time": 0.0405735969543457, "passed": false}, "11": {"execution_time": 0.03974008560180664, "passed": false}, "12": {"execution_time": 0.03989458084106445, "passed": false}, "13": {"execution_time": 0.04012751579284668, "passed": false}, "14": {"execution_time": 0.03983592987060547, "passed": false}, "15": {"execution_time": 0.0392451286315918, "passed": false}, "16": {"execution_time": 0.03885650634765625, "passed": false}, "17": {"execution_time": 0.03962540626525879, "passed": false}, "18": {"execution_time": 0.039191246032714844, "passed": false}, "19": {"execution_time": 0.04005002975463867, "passed": false}, "20": {"execution_time": 0.038900136947631836, "passed": false}, "21": {"execution_time": 0.039507389068603516, "passed": false}, "22": {"execution_time": 0.0394291877746582, "passed": false}, "23": {"execution_time": 0.038858890533447266, "passed": false}, "24": {"execution_time": 0.03889775276184082, "passed": false}}}, "pylint_score": "4/10"}