{"version": "1", "message": "ERROR: Hidden Testcases server unreachable.", "problem_id": "cspp1_m10_a1_1", "user_id": "SupriyaMadupathi", "score": {"sample": {"0": {"execution_time": 0.05595088005065918, "passed": false}, "1": {"execution_time": 0.05588865280151367, "passed": false}, "2": {"execution_time": 0.03999161720275879, "passed": false}, "3": {"execution_time": 0.04037761688232422, "passed": false}, "4": {"execution_time": 0.03994631767272949, "passed": false}, "5": {"execution_time": 0.03596806526184082, "passed": false}, "6": {"execution_time": 0.035989999771118164, "passed": false}, "7": {"execution_time": 0.03990936279296875, "passed": false}, "8": {"execution_time": 0.03908276557922363, "passed": false}, "9": {"execution_time": 0.0399932861328125, "passed": false}, "10": {"execution_time": 0.03594470024108887, "passed": false}, "11": {"execution_time": 0.04202079772949219, "passed": false}, "12": {"execution_time": 0.03648233413696289, "passed": false}, "13": {"execution_time": 0.03595161437988281, "passed": false}, "14": {"execution_time": 0.03599834442138672, "passed": false}, "15": {"execution_time": 0.03993868827819824, "passed": false}, "16": {"execution_time": 0.0371251106262207, "passed": false}, "17": {"execution_time": 0.039968013763427734, "passed": false}, "18": {"execution_time": 0.035982608795166016, "passed": false}, "19": {"execution_time": 0.03993964195251465, "passed": false}, "20": {"execution_time": 0.03591156005859375, "passed": false}, "21": {"execution_time": 0.040247201919555664, "passed": false}, "22": {"execution_time": 0.03595376014709473, "passed": false}, "23": {"execution_time": 0.03998255729675293, "passed": false}, "24": {"execution_time": 0.03997516632080078, "passed": false}}}, "pylint_score": "-16/10"}