{"version": "1", "message": "ERROR: Hidden Testcases server unreachable.", "problem_id": "cspp1_m10_a1_1", "user_id": "SupriyaMadupathi", "score": {"sample": {"0": {"execution_time": 0.3283967971801758, "passed": false}, "1": {"execution_time": 0.04790782928466797, "passed": false}, "2": {"execution_time": 0.0399472713470459, "passed": false}, "3": {"execution_time": 0.03994488716125488, "passed": false}, "4": {"execution_time": 0.03598952293395996, "passed": false}, "5": {"execution_time": 0.04065728187561035, "passed": false}, "6": {"execution_time": 0.04065513610839844, "passed": false}, "7": {"execution_time": 0.039949655532836914, "passed": false}, "8": {"execution_time": 0.040170907974243164, "passed": false}, "9": {"execution_time": 0.03995060920715332, "passed": false}, "10": {"execution_time": 0.05996441841125488, "passed": false}, "11": {"execution_time": 0.051886558532714844, "passed": false}, "12": {"execution_time": 0.04249429702758789, "passed": false}, "13": {"execution_time": 0.03771042823791504, "passed": false}, "14": {"execution_time": 0.0399935245513916, "passed": false}, "15": {"execution_time": 0.05189180374145508, "passed": false}, "16": {"execution_time": 0.03994107246398926, "passed": false}, "17": {"execution_time": 0.038578033447265625, "passed": false}, "18": {"execution_time": 0.03999686241149902, "passed": false}, "19": {"execution_time": 0.03989458084106445, "passed": false}, "20": {"execution_time": 0.0399477481842041, "passed": false}, "21": {"execution_time": 0.03771066665649414, "passed": false}, "22": {"execution_time": 0.03999447822570801, "passed": false}, "23": {"execution_time": 0.039951324462890625, "passed": false}, "24": {"execution_time": 0.03994107246398926, "passed": false}}}, "pylint_score": "-16/10"}