{"version": "1", "message": "ERROR: Hidden Testcases server unreachable.", "problem_id": "cspp1_m10_a1_1", "user_id": "SupriyaMadupathi", "score": {"sample": {"0": {"execution_time": 0.04089093208312988, "passed": true}, "1": {"execution_time": 0.03887605667114258, "passed": true}, "2": {"execution_time": 0.03901863098144531, "passed": true}, "3": {"execution_time": 0.03889656066894531, "passed": false}, "4": {"execution_time": 0.03886151313781738, "passed": true}, "5": {"execution_time": 0.0392453670501709, "passed": false}, "6": {"execution_time": 0.03889584541320801, "passed": true}, "7": {"execution_time": 0.03879594802856445, "passed": false}, "8": {"execution_time": 0.03973817825317383, "passed": false}, "9": {"execution_time": 0.03846883773803711, "passed": false}, "10": {"execution_time": 0.039283037185668945, "passed": true}, "11": {"execution_time": 0.03923177719116211, "passed": true}, "12": {"execution_time": 0.03878498077392578, "passed": false}, "13": {"execution_time": 0.03944849967956543, "passed": false}, "14": {"execution_time": 0.03917694091796875, "passed": false}, "15": {"execution_time": 0.039083242416381836, "passed": false}, "16": {"execution_time": 0.03889822959899902, "passed": false}, "17": {"execution_time": 0.037871599197387695, "passed": true}, "18": {"execution_time": 0.03816080093383789, "passed": false}, "19": {"execution_time": 0.03805971145629883, "passed": false}, "20": {"execution_time": 0.03825497627258301, "passed": true}, "21": {"execution_time": 0.03873610496520996, "passed": false}, "22": {"execution_time": 0.03928995132446289, "passed": false}, "23": {"execution_time": 0.03960299491882324, "passed": false}, "24": {"execution_time": 0.03877615928649902, "passed": false}}}, "pylint_score": "3/10"}