{"version": "1", "message": "ERROR: Hidden Testcases server unreachable.", "problem_id": "cspp1_m10_a1_1", "user_id": "SupriyaMadupathi", "score": {"sample": {"0": {"execution_time": 0.059906959533691406, "passed": true}, "1": {"execution_time": 0.1354827880859375, "passed": false}, "2": {"execution_time": 0.06391525268554688, "passed": false}, "3": {"execution_time": 0.04393887519836426, "passed": false}, "4": {"execution_time": 0.03748631477355957, "passed": false}, "5": {"execution_time": 0.03598737716674805, "passed": false}, "6": {"execution_time": 0.039952993392944336, "passed": false}, "7": {"execution_time": 0.04389810562133789, "passed": false}, "8": {"execution_time": 0.04161381721496582, "passed": false}, "9": {"execution_time": 0.03995060920715332, "passed": false}, "10": {"execution_time": 0.04001283645629883, "passed": false}, "11": {"execution_time": 0.04274415969848633, "passed": false}, "12": {"execution_time": 0.03997230529785156, "passed": false}, "13": {"execution_time": 0.04390072822570801, "passed": false}, "14": {"execution_time": 0.0399479866027832, "passed": false}, "15": {"execution_time": 0.039992332458496094, "passed": false}, "16": {"execution_time": 0.03990006446838379, "passed": false}, "17": {"execution_time": 0.03996443748474121, "passed": false}, "18": {"execution_time": 0.037867069244384766, "passed": false}, "19": {"execution_time": 0.0399477481842041, "passed": false}, "20": {"execution_time": 0.03994631767272949, "passed": false}, "21": {"execution_time": 0.0399479866027832, "passed": false}, "22": {"execution_time": 0.03994607925415039, "passed": false}, "23": {"execution_time": 0.03595137596130371, "passed": false}, "24": {"execution_time": 0.037049293518066406, "passed": false}}}, "pylint_score": "6/10"}