{"version": "1", "message": "ERROR: Hidden Testcases server unreachable.", "problem_id": "cspp1_m10_a1_1", "user_id": "SupriyaMadupathi", "score": {"sample": {"0": {"execution_time": 0.03968048095703125, "passed": true}, "1": {"execution_time": 0.0386354923248291, "passed": true}, "2": {"execution_time": 0.039893150329589844, "passed": true}, "3": {"execution_time": 0.04003000259399414, "passed": false}, "4": {"execution_time": 0.03858828544616699, "passed": true}, "5": {"execution_time": 0.03878068923950195, "passed": false}, "6": {"execution_time": 0.03993654251098633, "passed": true}, "7": {"execution_time": 0.03889727592468262, "passed": false}, "8": {"execution_time": 0.03896975517272949, "passed": false}, "9": {"execution_time": 0.03957033157348633, "passed": false}, "10": {"execution_time": 0.03909611701965332, "passed": true}, "11": {"execution_time": 0.03920388221740723, "passed": true}, "12": {"execution_time": 0.03893327713012695, "passed": false}, "13": {"execution_time": 0.03815317153930664, "passed": false}, "14": {"execution_time": 0.03794384002685547, "passed": false}, "15": {"execution_time": 0.0388946533203125, "passed": false}, "16": {"execution_time": 0.03900766372680664, "passed": false}, "17": {"execution_time": 0.03855013847351074, "passed": true}, "18": {"execution_time": 0.03889870643615723, "passed": false}, "19": {"execution_time": 0.03926205635070801, "passed": false}, "20": {"execution_time": 0.03855323791503906, "passed": true}, "21": {"execution_time": 0.03875875473022461, "passed": false}, "22": {"execution_time": 0.037946224212646484, "passed": false}, "23": {"execution_time": 0.03916454315185547, "passed": false}, "24": {"execution_time": 0.03889608383178711, "passed": false}}}, "pylint_score": "4/10"}