{"version": "1", "message": "ERROR: Hidden Testcases server unreachable.", "problem_id": "cspp1_m10_a1_1", "user_id": "SupriyaMadupathi", "score": {"sample": {"0": {"execution_time": 0.03799700736999512, "passed": true}, "1": {"execution_time": 0.038259029388427734, "passed": true}, "2": {"execution_time": 0.03823518753051758, "passed": true}, "3": {"execution_time": 0.038532257080078125, "passed": false}, "4": {"execution_time": 0.0381617546081543, "passed": true}, "5": {"execution_time": 0.03793478012084961, "passed": false}, "6": {"execution_time": 0.03801584243774414, "passed": true}, "7": {"execution_time": 0.03889608383178711, "passed": false}, "8": {"execution_time": 0.0395355224609375, "passed": false}, "9": {"execution_time": 0.038263559341430664, "passed": false}, "10": {"execution_time": 0.03853654861450195, "passed": true}, "11": {"execution_time": 0.03793072700500488, "passed": true}, "12": {"execution_time": 0.03769993782043457, "passed": false}, "13": {"execution_time": 0.03754687309265137, "passed": false}, "14": {"execution_time": 0.03753185272216797, "passed": false}, "15": {"execution_time": 0.03944039344787598, "passed": false}, "16": {"execution_time": 0.03748059272766113, "passed": false}, "17": {"execution_time": 0.03734183311462402, "passed": true}, "18": {"execution_time": 0.03791189193725586, "passed": false}, "19": {"execution_time": 0.03790402412414551, "passed": false}, "20": {"execution_time": 0.03795337677001953, "passed": true}, "21": {"execution_time": 0.03790163993835449, "passed": false}, "22": {"execution_time": 0.038445472717285156, "passed": false}, "23": {"execution_time": 0.03965258598327637, "passed": false}, "24": {"execution_time": 0.03756451606750488, "passed": false}}}, "pylint_score": "4/10"}