{"version": "1", "message": "ERROR: Hidden Testcases server unreachable.", "problem_id": "cspp1_m10_a1_1", "user_id": "SupriyaMadupathi", "score": {"sample": {"0": {"execution_time": 0.06348204612731934, "passed": false}, "1": {"execution_time": 0.0399472713470459, "passed": false}, "2": {"execution_time": 0.039994001388549805, "passed": false}, "3": {"execution_time": 0.03994441032409668, "passed": false}, "4": {"execution_time": 0.03996562957763672, "passed": false}, "5": {"execution_time": 0.039937734603881836, "passed": false}, "6": {"execution_time": 0.0432894229888916, "passed": false}, "7": {"execution_time": 0.0359954833984375, "passed": false}, "8": {"execution_time": 0.03595328330993652, "passed": false}, "9": {"execution_time": 0.0399785041809082, "passed": false}, "10": {"execution_time": 0.04390859603881836, "passed": false}, "11": {"execution_time": 0.047968149185180664, "passed": false}, "12": {"execution_time": 0.039913177490234375, "passed": false}, "13": {"execution_time": 0.04394102096557617, "passed": false}, "14": {"execution_time": 0.03998613357543945, "passed": false}, "15": {"execution_time": 0.039908647537231445, "passed": false}, "16": {"execution_time": 0.03595089912414551, "passed": false}, "17": {"execution_time": 0.039984941482543945, "passed": false}, "18": {"execution_time": 0.035950422286987305, "passed": false}, "19": {"execution_time": 0.03995466232299805, "passed": false}, "20": {"execution_time": 0.03990054130554199, "passed": false}, "21": {"execution_time": 0.0399479866027832, "passed": false}, "22": {"execution_time": 0.036000728607177734, "passed": false}, "23": {"execution_time": 0.039896488189697266, "passed": false}, "24": {"execution_time": 0.039948463439941406, "passed": false}}}, "pylint_score": "-15/10"}