{"version": "1", "message": "ERROR: Hidden Testcases server unreachable.", "problem_id": "cspp1_m10_a1_1", "user_id": "SupriyaMadupathi", "score": {"sample": {"0": {"execution_time": 0.06292414665222168, "passed": false}, "1": {"execution_time": 0.052548885345458984, "passed": false}, "2": {"execution_time": 0.03989887237548828, "passed": false}, "3": {"execution_time": 0.03869318962097168, "passed": false}, "4": {"execution_time": 0.039994001388549805, "passed": false}, "5": {"execution_time": 0.0399472713470459, "passed": false}, "6": {"execution_time": 0.04389476776123047, "passed": false}, "7": {"execution_time": 0.039947509765625, "passed": false}, "8": {"execution_time": 0.03598904609680176, "passed": false}, "9": {"execution_time": 0.04098939895629883, "passed": false}, "10": {"execution_time": 0.039977073669433594, "passed": false}, "11": {"execution_time": 0.039952993392944336, "passed": false}, "12": {"execution_time": 0.03991103172302246, "passed": false}, "13": {"execution_time": 0.0399479866027832, "passed": false}, "14": {"execution_time": 0.035958290100097656, "passed": false}, "15": {"execution_time": 0.03599810600280762, "passed": false}, "16": {"execution_time": 0.03990006446838379, "passed": false}, "17": {"execution_time": 0.039947509765625, "passed": false}, "18": {"execution_time": 0.03598952293395996, "passed": false}, "19": {"execution_time": 0.04227185249328613, "passed": false}, "20": {"execution_time": 0.03660273551940918, "passed": false}, "21": {"execution_time": 0.03599715232849121, "passed": false}, "22": {"execution_time": 0.03600049018859863, "passed": false}, "23": {"execution_time": 0.035942792892456055, "passed": false}, "24": {"execution_time": 0.03602266311645508, "passed": false}}}, "pylint_score": "4/10"}