{"version": "1", "message": "ERROR: Hidden Testcases server unreachable.", "problem_id": "cspp1_m10_a1_1", "user_id": "SupriyaMadupathi", "score": {"sample": {"0": {"execution_time": 0.05597496032714844, "passed": false}, "1": {"execution_time": 0.03993105888366699, "passed": false}, "2": {"execution_time": 0.03598976135253906, "passed": false}, "3": {"execution_time": 0.039974212646484375, "passed": false}, "4": {"execution_time": 0.03797554969787598, "passed": false}, "5": {"execution_time": 0.03976559638977051, "passed": false}, "6": {"execution_time": 0.03599095344543457, "passed": false}, "7": {"execution_time": 0.03990983963012695, "passed": false}, "8": {"execution_time": 0.03998064994812012, "passed": false}, "9": {"execution_time": 0.03995084762573242, "passed": false}, "10": {"execution_time": 0.03595089912414551, "passed": false}, "11": {"execution_time": 0.03991222381591797, "passed": false}, "12": {"execution_time": 0.0399775505065918, "passed": false}, "13": {"execution_time": 0.03995490074157715, "passed": false}, "14": {"execution_time": 0.04094386100769043, "passed": false}, "15": {"execution_time": 0.0399479866027832, "passed": false}, "16": {"execution_time": 0.03595161437988281, "passed": false}, "17": {"execution_time": 0.035952091217041016, "passed": false}, "18": {"execution_time": 0.0359499454498291, "passed": false}, "19": {"execution_time": 0.03598523139953613, "passed": false}, "20": {"execution_time": 0.03991413116455078, "passed": false}, "21": {"execution_time": 0.035985708236694336, "passed": false}, "22": {"execution_time": 0.039911746978759766, "passed": false}, "23": {"execution_time": 0.039947509765625, "passed": false}, "24": {"execution_time": 0.035997629165649414, "passed": false}}}, "pylint_score": "4/10"}