{"version": "1", "message": "ERROR: Hidden Testcases server unreachable.", "problem_id": "cspp1_m10_a1_1", "user_id": "SupriyaMadupathi", "score": {"sample": {"0": {"execution_time": 0.0924844741821289, "passed": false}, "1": {"execution_time": 0.055927276611328125, "passed": false}, "2": {"execution_time": 0.043304443359375, "passed": false}, "3": {"execution_time": 0.03995013236999512, "passed": false}, "4": {"execution_time": 0.039995670318603516, "passed": false}, "5": {"execution_time": 0.03989815711975098, "passed": false}, "6": {"execution_time": 0.0399477481842041, "passed": false}, "7": {"execution_time": 0.039986610412597656, "passed": false}, "8": {"execution_time": 0.03825545310974121, "passed": false}, "9": {"execution_time": 0.04496335983276367, "passed": false}, "10": {"execution_time": 0.0399479866027832, "passed": false}, "11": {"execution_time": 0.039992332458496094, "passed": false}, "12": {"execution_time": 0.04229164123535156, "passed": false}, "13": {"execution_time": 0.0407865047454834, "passed": false}, "14": {"execution_time": 0.040816545486450195, "passed": false}, "15": {"execution_time": 0.04396653175354004, "passed": false}, "16": {"execution_time": 0.03992176055908203, "passed": false}, "17": {"execution_time": 0.04394268989562988, "passed": false}, "18": {"execution_time": 0.03994631767272949, "passed": false}, "19": {"execution_time": 0.03931021690368652, "passed": false}, "20": {"execution_time": 0.03990936279296875, "passed": false}, "21": {"execution_time": 0.03994584083557129, "passed": false}, "22": {"execution_time": 0.039946794509887695, "passed": false}, "23": {"execution_time": 0.039946556091308594, "passed": false}, "24": {"execution_time": 0.0399935245513916, "passed": false}}}, "pylint_score": "6/10"}