{"version": "1", "message": "ERROR: Hidden Testcases server unreachable.", "problem_id": "cspp1_m10_a1_1", "user_id": "SupriyaMadupathi", "score": {"sample": {"0": {"execution_time": 0.13779258728027344, "passed": false}, "1": {"execution_time": 0.041303396224975586, "passed": false}, "2": {"execution_time": 0.04071044921875, "passed": false}, "3": {"execution_time": 0.056641340255737305, "passed": false}, "4": {"execution_time": 0.08756399154663086, "passed": false}, "5": {"execution_time": 0.06961798667907715, "passed": false}, "6": {"execution_time": 0.0367274284362793, "passed": false}, "7": {"execution_time": 0.05524086952209473, "passed": false}, "8": {"execution_time": 0.05367565155029297, "passed": false}, "9": {"execution_time": 0.036871910095214844, "passed": false}, "10": {"execution_time": 0.04855942726135254, "passed": false}, "11": {"execution_time": 0.060690879821777344, "passed": false}, "12": {"execution_time": 0.09226012229919434, "passed": false}, "13": {"execution_time": 0.10876011848449707, "passed": false}, "14": {"execution_time": 0.1082620620727539, "passed": false}, "15": {"execution_time": 0.07396292686462402, "passed": false}, "16": {"execution_time": 0.05199885368347168, "passed": false}, "17": {"execution_time": 0.05273938179016113, "passed": false}, "18": {"execution_time": 0.05516624450683594, "passed": false}, "19": {"execution_time": 0.05216097831726074, "passed": false}, "20": {"execution_time": 0.061170101165771484, "passed": false}, "21": {"execution_time": 0.07367348670959473, "passed": false}, "22": {"execution_time": 0.07419514656066895, "passed": false}, "23": {"execution_time": 0.08403587341308594, "passed": false}, "24": {"execution_time": 0.0994873046875, "passed": false}}}, "pylint_score": "-2/10"}