{"version": "1", "message": "ERROR: Hidden Testcases server unreachable.", "problem_id": "cspp1_m10_a1_1", "user_id": "SupriyaMadupathi", "score": {"sample": {"0": {"execution_time": 0.09592604637145996, "passed": false}, "1": {"execution_time": 0.04393434524536133, "passed": false}, "2": {"execution_time": 0.03990983963012695, "passed": false}, "3": {"execution_time": 0.03998112678527832, "passed": false}, "4": {"execution_time": 0.03995704650878906, "passed": false}, "5": {"execution_time": 0.03993415832519531, "passed": false}, "6": {"execution_time": 0.03991222381591797, "passed": false}, "7": {"execution_time": 0.043973445892333984, "passed": false}, "8": {"execution_time": 0.039951324462890625, "passed": false}, "9": {"execution_time": 0.040026187896728516, "passed": false}, "10": {"execution_time": 0.03751015663146973, "passed": false}, "11": {"execution_time": 0.04076838493347168, "passed": false}, "12": {"execution_time": 0.040499210357666016, "passed": false}, "13": {"execution_time": 0.04394268989562988, "passed": false}, "14": {"execution_time": 0.037984609603881836, "passed": false}, "15": {"execution_time": 0.03998112678527832, "passed": false}, "16": {"execution_time": 0.039913177490234375, "passed": false}, "17": {"execution_time": 0.03598785400390625, "passed": false}, "18": {"execution_time": 0.039911508560180664, "passed": false}, "19": {"execution_time": 0.039947509765625, "passed": false}, "20": {"execution_time": 0.03994393348693848, "passed": false}, "21": {"execution_time": 0.0399932861328125, "passed": false}, "22": {"execution_time": 0.03990030288696289, "passed": false}, "23": {"execution_time": 0.039947509765625, "passed": false}, "24": {"execution_time": 0.0399932861328125, "passed": false}}}, "pylint_score": "6/10"}