{"version": "1", "message": "ERROR: Hidden Testcases server unreachable.", "problem_id": "cspp1_m10_a1_1", "user_id": "SupriyaMadupathi", "score": {"sample": {"0": {"execution_time": 0.03885340690612793, "passed": true}, "1": {"execution_time": 0.03897905349731445, "passed": true}, "2": {"execution_time": 0.038959503173828125, "passed": true}, "3": {"execution_time": 0.03883242607116699, "passed": false}, "4": {"execution_time": 0.038960933685302734, "passed": true}, "5": {"execution_time": 0.038565874099731445, "passed": false}, "6": {"execution_time": 0.038895368576049805, "passed": true}, "7": {"execution_time": 0.03829312324523926, "passed": false}, "8": {"execution_time": 0.038918495178222656, "passed": false}, "9": {"execution_time": 0.03904461860656738, "passed": false}, "10": {"execution_time": 0.0387425422668457, "passed": true}, "11": {"execution_time": 0.038896799087524414, "passed": true}, "12": {"execution_time": 0.03976130485534668, "passed": false}, "13": {"execution_time": 0.03916764259338379, "passed": false}, "14": {"execution_time": 0.03948163986206055, "passed": false}, "15": {"execution_time": 0.03889822959899902, "passed": false}, "16": {"execution_time": 0.0391538143157959, "passed": false}, "17": {"execution_time": 0.03875327110290527, "passed": true}, "18": {"execution_time": 0.03782248497009277, "passed": false}, "19": {"execution_time": 0.0384221076965332, "passed": false}, "20": {"execution_time": 0.03869223594665527, "passed": true}, "21": {"execution_time": 0.03869748115539551, "passed": false}, "22": {"execution_time": 0.03836250305175781, "passed": false}, "23": {"execution_time": 0.03789091110229492, "passed": false}, "24": {"execution_time": 0.03874540328979492, "passed": false}}}, "pylint_score": "4/10"}