{"version": "1", "message": "ERROR: Hidden Testcases server unreachable.", "problem_id": "cspp1_m10_a1_1", "user_id": "SupriyaMadupathi", "score": {"sample": {"0": {"execution_time": 0.18705034255981445, "passed": true}, "1": {"execution_time": 0.05152487754821777, "passed": true}, "2": {"execution_time": 0.12500262260437012, "passed": true}, "3": {"execution_time": 0.031246185302734375, "passed": true}, "4": {"execution_time": 0.04682421684265137, "passed": true}, "5": {"execution_time": 0.047267913818359375, "passed": false}, "6": {"execution_time": 0.035565853118896484, "passed": true}, "7": {"execution_time": 0.04739952087402344, "passed": true}, "8": {"execution_time": 0.03992819786071777, "passed": true}, "9": {"execution_time": 0.03127741813659668, "passed": false}, "10": {"execution_time": 0.046863555908203125, "passed": true}, "11": {"execution_time": 0.031206369400024414, "passed": true}, "12": {"execution_time": 0.04686331748962402, "passed": true}, "13": {"execution_time": 0.03128170967102051, "passed": false}, "14": {"execution_time": 0.04686379432678223, "passed": false}, "15": {"execution_time": 0.046827077865600586, "passed": false}, "16": {"execution_time": 0.031244516372680664, "passed": true}, "17": {"execution_time": 0.046894073486328125, "passed": true}, "18": {"execution_time": 0.03125119209289551, "passed": true}, "19": {"execution_time": 0.04761314392089844, "passed": false}, "20": {"execution_time": 0.040998220443725586, "passed": true}, "21": {"execution_time": 0.035546302795410156, "passed": false}, "22": {"execution_time": 0.04686141014099121, "passed": false}, "23": {"execution_time": 0.031243085861206055, "passed": false}, "24": {"execution_time": 0.04682755470275879, "passed": false}}}, "pylint_score": "0/0"}