{"version": "1", "message": "ERROR: Hidden Testcases server unreachable.", "problem_id": "cspp1_m10_a1_1", "user_id": "SupriyaMadupathi", "score": {"sample": {"0": {"execution_time": 0.05192232131958008, "passed": false}, "1": {"execution_time": 0.03991270065307617, "passed": false}, "2": {"execution_time": 0.03994894027709961, "passed": false}, "3": {"execution_time": 0.039972543716430664, "passed": false}, "4": {"execution_time": 0.04042458534240723, "passed": false}, "5": {"execution_time": 0.03995084762573242, "passed": false}, "6": {"execution_time": 0.03595137596130371, "passed": false}, "7": {"execution_time": 0.039984941482543945, "passed": false}, "8": {"execution_time": 0.039910316467285156, "passed": false}, "9": {"execution_time": 0.035952091217041016, "passed": false}, "10": {"execution_time": 0.0399479866027832, "passed": false}, "11": {"execution_time": 0.039992332458496094, "passed": false}, "12": {"execution_time": 0.03995013236999512, "passed": false}, "13": {"execution_time": 0.03989744186401367, "passed": false}, "14": {"execution_time": 0.0399479866027832, "passed": false}, "15": {"execution_time": 0.03994488716125488, "passed": false}, "16": {"execution_time": 0.039986610412597656, "passed": false}, "17": {"execution_time": 0.037728071212768555, "passed": false}, "18": {"execution_time": 0.039948463439941406, "passed": false}, "19": {"execution_time": 0.03598284721374512, "passed": false}, "20": {"execution_time": 0.035994529724121094, "passed": false}, "21": {"execution_time": 0.04080533981323242, "passed": false}, "22": {"execution_time": 0.03599286079406738, "passed": false}, "23": {"execution_time": 0.03600025177001953, "passed": false}, "24": {"execution_time": 0.03590202331542969, "passed": false}}}, "pylint_score": "-16/10"}