{"version": "1", "message": "ERROR: Hidden Testcases server unreachable.", "problem_id": "cspp1_m10_a1_1", "user_id": "SupriyaMadupathi", "score": {"sample": {"0": {"execution_time": 0.06246042251586914, "passed": false}, "1": {"execution_time": 0.0911550521850586, "passed": false}, "2": {"execution_time": 0.09604406356811523, "passed": false}, "3": {"execution_time": 0.11810564994812012, "passed": false}, "4": {"execution_time": 0.11263012886047363, "passed": false}, "5": {"execution_time": 0.06873655319213867, "passed": false}, "6": {"execution_time": 0.0680239200592041, "passed": false}, "7": {"execution_time": 0.08266568183898926, "passed": false}, "8": {"execution_time": 0.12173891067504883, "passed": false}, "9": {"execution_time": 0.08168840408325195, "passed": false}, "10": {"execution_time": 0.052001237869262695, "passed": false}, "11": {"execution_time": 0.0520172119140625, "passed": false}, "12": {"execution_time": 0.05767083168029785, "passed": false}, "13": {"execution_time": 0.039978742599487305, "passed": false}, "14": {"execution_time": 0.053217411041259766, "passed": false}, "15": {"execution_time": 0.06936144828796387, "passed": false}, "16": {"execution_time": 0.09717106819152832, "passed": false}, "17": {"execution_time": 0.0960073471069336, "passed": false}, "18": {"execution_time": 0.054448604583740234, "passed": false}, "19": {"execution_time": 0.06952047348022461, "passed": false}, "20": {"execution_time": 0.06992506980895996, "passed": false}, "21": {"execution_time": 0.03893232345581055, "passed": false}, "22": {"execution_time": 0.05053067207336426, "passed": false}, "23": {"execution_time": 0.06140398979187012, "passed": false}, "24": {"execution_time": 0.09265303611755371, "passed": false}}}, "pylint_score": "-2/10"}