{"version": "1", "message": "ERROR: Hidden Testcases server unreachable.", "problem_id": "cspp1_m10_a1_1", "user_id": "SupriyaMadupathi", "score": {"sample": {"0": {"execution_time": 0.040097713470458984, "passed": true}, "1": {"execution_time": 0.03859066963195801, "passed": true}, "2": {"execution_time": 0.03917360305786133, "passed": true}, "3": {"execution_time": 0.03924131393432617, "passed": false}, "4": {"execution_time": 0.03884243965148926, "passed": true}, "5": {"execution_time": 0.039032697677612305, "passed": false}, "6": {"execution_time": 0.038433074951171875, "passed": true}, "7": {"execution_time": 0.03985238075256348, "passed": false}, "8": {"execution_time": 0.042145729064941406, "passed": false}, "9": {"execution_time": 0.038931846618652344, "passed": false}, "10": {"execution_time": 0.03950047492980957, "passed": true}, "11": {"execution_time": 0.03941655158996582, "passed": true}, "12": {"execution_time": 0.03889751434326172, "passed": false}, "13": {"execution_time": 0.03889727592468262, "passed": false}, "14": {"execution_time": 0.038616180419921875, "passed": false}, "15": {"execution_time": 0.03889656066894531, "passed": false}, "16": {"execution_time": 0.0383145809173584, "passed": false}, "17": {"execution_time": 0.03829622268676758, "passed": true}, "18": {"execution_time": 0.038892507553100586, "passed": false}, "19": {"execution_time": 0.0389404296875, "passed": false}, "20": {"execution_time": 0.03936886787414551, "passed": true}, "21": {"execution_time": 0.039299964904785156, "passed": false}, "22": {"execution_time": 0.03921914100646973, "passed": false}, "23": {"execution_time": 0.039461374282836914, "passed": false}, "24": {"execution_time": 0.0391385555267334, "passed": false}}}, "pylint_score": "3/10"}