{"version": "1", "message": "ERROR: Hidden Testcases server unreachable.", "problem_id": "cspp1_m10_a1_1", "user_id": "SupriyaMadupathi", "score": {"sample": {"0": {"execution_time": 0.04175734519958496, "passed": true}, "1": {"execution_time": 0.03893017768859863, "passed": false}, "2": {"execution_time": 0.03916049003601074, "passed": false}, "3": {"execution_time": 0.03929781913757324, "passed": false}, "4": {"execution_time": 0.038778066635131836, "passed": false}, "5": {"execution_time": 0.038897037506103516, "passed": false}, "6": {"execution_time": 0.04188847541809082, "passed": false}, "7": {"execution_time": 0.11277174949645996, "passed": false}, "8": {"execution_time": 0.041921138763427734, "passed": false}, "9": {"execution_time": 0.0416111946105957, "passed": false}, "10": {"execution_time": 0.04158926010131836, "passed": false}, "11": {"execution_time": 0.03893923759460449, "passed": false}, "12": {"execution_time": 0.04044508934020996, "passed": false}, "13": {"execution_time": 0.043379783630371094, "passed": false}, "14": {"execution_time": 0.04054117202758789, "passed": false}, "15": {"execution_time": 0.03900885581970215, "passed": false}, "16": {"execution_time": 0.03867197036743164, "passed": false}, "17": {"execution_time": 0.039168357849121094, "passed": false}, "18": {"execution_time": 0.03889656066894531, "passed": false}, "19": {"execution_time": 0.03889608383178711, "passed": false}, "20": {"execution_time": 0.040062665939331055, "passed": false}, "21": {"execution_time": 0.039000511169433594, "passed": false}, "22": {"execution_time": 0.039118051528930664, "passed": false}, "23": {"execution_time": 0.03989219665527344, "passed": false}, "24": {"execution_time": 0.04136157035827637, "passed": false}}}, "pylint_score": "6/10"}