{"version": "1", "message": "ERROR: Hidden Testcases server unreachable.", "problem_id": "cspp1_m10_a1_1", "user_id": "SupriyaMadupathi", "score": {"sample": {"0": {"execution_time": 0.14989948272705078, "passed": false}, "1": {"execution_time": 0.12372946739196777, "passed": false}, "2": {"execution_time": 0.06004214286804199, "passed": false}, "3": {"execution_time": 0.07032370567321777, "passed": false}, "4": {"execution_time": 0.11199641227722168, "passed": false}, "5": {"execution_time": 0.13204383850097656, "passed": false}, "6": {"execution_time": 0.06395626068115234, "passed": false}, "7": {"execution_time": 0.0777132511138916, "passed": false}, "8": {"execution_time": 0.040001869201660156, "passed": false}, "9": {"execution_time": 0.05323457717895508, "passed": false}, "10": {"execution_time": 0.0559689998626709, "passed": false}, "11": {"execution_time": 0.10104894638061523, "passed": false}, "12": {"execution_time": 0.09612345695495605, "passed": false}, "13": {"execution_time": 0.052262067794799805, "passed": false}, "14": {"execution_time": 0.05196046829223633, "passed": false}, "15": {"execution_time": 0.05745530128479004, "passed": false}, "16": {"execution_time": 0.07370758056640625, "passed": false}, "17": {"execution_time": 0.09619593620300293, "passed": false}, "18": {"execution_time": 0.10329723358154297, "passed": false}, "19": {"execution_time": 0.04104948043823242, "passed": false}, "20": {"execution_time": 0.05360126495361328, "passed": false}, "21": {"execution_time": 0.06072640419006348, "passed": false}, "22": {"execution_time": 0.08941984176635742, "passed": false}, "23": {"execution_time": 0.11771678924560547, "passed": false}, "24": {"execution_time": 0.09600114822387695, "passed": false}}}, "pylint_score": "-2/10"}