{"version": "1", "message": "ERROR: Hidden Testcases server unreachable.", "problem_id": "cspp1_m10_a1_1", "user_id": "SupriyaMadupathi", "score": {"sample": {"0": {"execution_time": 0.09541988372802734, "passed": false}, "1": {"execution_time": 0.04390764236450195, "passed": false}, "2": {"execution_time": 0.03904128074645996, "passed": false}, "3": {"execution_time": 0.04101061820983887, "passed": false}, "4": {"execution_time": 0.039947509765625, "passed": false}, "5": {"execution_time": 0.039945363998413086, "passed": false}, "6": {"execution_time": 0.039947509765625, "passed": false}, "7": {"execution_time": 0.039984941482543945, "passed": false}, "8": {"execution_time": 0.03595304489135742, "passed": false}, "9": {"execution_time": 0.035986900329589844, "passed": false}, "10": {"execution_time": 0.03991103172302246, "passed": false}, "11": {"execution_time": 0.039945363998413086, "passed": false}, "12": {"execution_time": 0.04056811332702637, "passed": false}, "13": {"execution_time": 0.03998422622680664, "passed": false}, "14": {"execution_time": 0.03595614433288574, "passed": false}, "15": {"execution_time": 0.03994107246398926, "passed": false}, "16": {"execution_time": 0.03991508483886719, "passed": false}, "17": {"execution_time": 0.03820300102233887, "passed": false}, "18": {"execution_time": 0.04002714157104492, "passed": false}, "19": {"execution_time": 0.03986716270446777, "passed": false}, "20": {"execution_time": 0.03598666191101074, "passed": false}, "21": {"execution_time": 0.03994441032409668, "passed": false}, "22": {"execution_time": 0.03995966911315918, "passed": false}, "23": {"execution_time": 0.039901018142700195, "passed": false}, "24": {"execution_time": 0.03599834442138672, "passed": false}}}, "pylint_score": "0/0"}