{"version": "1", "message": "ERROR: Hidden Testcases server unreachable.", "problem_id": "cspp1_m10_a1_1", "user_id": "SupriyaMadupathi", "score": {"sample": {"0": {"execution_time": 0.06348061561584473, "passed": false}, "1": {"execution_time": 0.0399472713470459, "passed": false}, "2": {"execution_time": 0.0399470329284668, "passed": false}, "3": {"execution_time": 0.03994488716125488, "passed": false}, "4": {"execution_time": 0.03595447540283203, "passed": false}, "5": {"execution_time": 0.03994631767272949, "passed": false}, "6": {"execution_time": 0.03994631767272949, "passed": false}, "7": {"execution_time": 0.037339210510253906, "passed": false}, "8": {"execution_time": 0.03595447540283203, "passed": false}, "9": {"execution_time": 0.035952091217041016, "passed": false}, "10": {"execution_time": 0.039987802505493164, "passed": false}, "11": {"execution_time": 0.03591179847717285, "passed": false}, "12": {"execution_time": 0.039945363998413086, "passed": false}, "13": {"execution_time": 0.03999781608581543, "passed": false}, "14": {"execution_time": 0.03785347938537598, "passed": false}, "15": {"execution_time": 0.03905653953552246, "passed": false}, "16": {"execution_time": 0.03600287437438965, "passed": false}, "17": {"execution_time": 0.03989839553833008, "passed": false}, "18": {"execution_time": 0.039980411529541016, "passed": false}, "19": {"execution_time": 0.03991293907165527, "passed": false}, "20": {"execution_time": 0.03599810600280762, "passed": false}, "21": {"execution_time": 0.03928017616271973, "passed": false}, "22": {"execution_time": 0.035990238189697266, "passed": false}, "23": {"execution_time": 0.036173343658447266, "passed": false}, "24": {"execution_time": 0.03998565673828125, "passed": false}}}, "pylint_score": "-15/10"}