{"version": "1", "message": "ERROR: Hidden Testcases server unreachable.", "problem_id": "cspp1_m10_a1_1", "user_id": "SupriyaMadupathi", "score": {"sample": {"0": {"execution_time": 0.055890560150146484, "passed": false}, "1": {"execution_time": 0.04393959045410156, "passed": false}, "2": {"execution_time": 0.04152560234069824, "passed": false}, "3": {"execution_time": 0.03811788558959961, "passed": false}, "4": {"execution_time": 0.036000967025756836, "passed": false}, "5": {"execution_time": 0.039902448654174805, "passed": false}, "6": {"execution_time": 0.03598952293395996, "passed": false}, "7": {"execution_time": 0.04030871391296387, "passed": false}, "8": {"execution_time": 0.0399477481842041, "passed": false}, "9": {"execution_time": 0.039946794509887695, "passed": false}, "10": {"execution_time": 0.035990238189697266, "passed": false}, "11": {"execution_time": 0.03994631767272949, "passed": false}, "12": {"execution_time": 0.03994488716125488, "passed": false}, "13": {"execution_time": 0.035953521728515625, "passed": false}, "14": {"execution_time": 0.03600597381591797, "passed": false}, "15": {"execution_time": 0.039891719818115234, "passed": false}, "16": {"execution_time": 0.037824392318725586, "passed": false}, "17": {"execution_time": 0.03994894027709961, "passed": false}, "18": {"execution_time": 0.03599977493286133, "passed": false}, "19": {"execution_time": 0.039899587631225586, "passed": false}, "20": {"execution_time": 0.03595280647277832, "passed": false}, "21": {"execution_time": 0.03994607925415039, "passed": false}, "22": {"execution_time": 0.039992332458496094, "passed": false}, "23": {"execution_time": 0.039900779724121094, "passed": false}, "24": {"execution_time": 0.03611588478088379, "passed": false}}}, "pylint_score": "-15/10"}