{"version": "1", "message": "ERROR: Hidden Testcases server unreachable.", "problem_id": "cspp1_m10_a1_1", "user_id": "SupriyaMadupathi", "score": {"sample": {"0": {"execution_time": 0.040879249572753906, "passed": true}, "1": {"execution_time": 0.03880739212036133, "passed": true}, "2": {"execution_time": 0.03989458084106445, "passed": true}, "3": {"execution_time": 0.03883051872253418, "passed": false}, "4": {"execution_time": 0.03842496871948242, "passed": true}, "5": {"execution_time": 0.03892087936401367, "passed": false}, "6": {"execution_time": 0.0384824275970459, "passed": true}, "7": {"execution_time": 0.038500070571899414, "passed": false}, "8": {"execution_time": 0.03925180435180664, "passed": false}, "9": {"execution_time": 0.038861989974975586, "passed": false}, "10": {"execution_time": 0.03932666778564453, "passed": true}, "11": {"execution_time": 0.039293766021728516, "passed": true}, "12": {"execution_time": 0.03855252265930176, "passed": false}, "13": {"execution_time": 0.03880953788757324, "passed": false}, "14": {"execution_time": 0.03867936134338379, "passed": false}, "15": {"execution_time": 0.038321733474731445, "passed": false}, "16": {"execution_time": 0.039009809494018555, "passed": false}, "17": {"execution_time": 0.03917288780212402, "passed": true}, "18": {"execution_time": 0.038403987884521484, "passed": false}, "19": {"execution_time": 0.0380251407623291, "passed": false}, "20": {"execution_time": 0.038282155990600586, "passed": true}, "21": {"execution_time": 0.038396596908569336, "passed": false}, "22": {"execution_time": 0.03862190246582031, "passed": false}, "23": {"execution_time": 0.039556026458740234, "passed": false}, "24": {"execution_time": 0.03888535499572754, "passed": false}}}, "pylint_score": "3/10"}