{"version": "1", "message": "ERROR: Hidden Testcases server unreachable.", "problem_id": "cspp1_m10_a1_1", "user_id": "SupriyaMadupathi", "score": {"sample": {"0": {"execution_time": 0.06390690803527832, "passed": false}, "1": {"execution_time": 0.04389190673828125, "passed": false}, "2": {"execution_time": 0.039948463439941406, "passed": false}, "3": {"execution_time": 0.040110111236572266, "passed": false}, "4": {"execution_time": 0.03995013236999512, "passed": false}, "5": {"execution_time": 0.0399479866027832, "passed": false}, "6": {"execution_time": 0.03994631767272949, "passed": false}, "7": {"execution_time": 0.035989999771118164, "passed": false}, "8": {"execution_time": 0.03994393348693848, "passed": false}, "9": {"execution_time": 0.03990936279296875, "passed": false}, "10": {"execution_time": 0.0399479866027832, "passed": false}, "11": {"execution_time": 0.03599119186401367, "passed": false}, "12": {"execution_time": 0.03995537757873535, "passed": false}, "13": {"execution_time": 0.03989839553833008, "passed": false}, "14": {"execution_time": 0.0367884635925293, "passed": false}, "15": {"execution_time": 0.03998708724975586, "passed": false}, "16": {"execution_time": 0.03594851493835449, "passed": false}, "17": {"execution_time": 0.03991222381591797, "passed": false}, "18": {"execution_time": 0.03994917869567871, "passed": false}, "19": {"execution_time": 0.03598332405090332, "passed": false}, "20": {"execution_time": 0.04011702537536621, "passed": false}, "21": {"execution_time": 0.035950660705566406, "passed": false}, "22": {"execution_time": 0.03998541831970215, "passed": false}, "23": {"execution_time": 0.035915374755859375, "passed": false}, "24": {"execution_time": 0.03706550598144531, "passed": false}}}, "pylint_score": "4/10"}