{"version": "1", "message": "ERROR: Hidden Testcases server unreachable.", "problem_id": "cspp1_m10_a1_1", "user_id": "SupriyaMadupathi", "score": {"sample": {"0": {"execution_time": 0.07738137245178223, "passed": false}, "1": {"execution_time": 0.0440371036529541, "passed": false}, "2": {"execution_time": 0.040039777755737305, "passed": false}, "3": {"execution_time": 0.04007434844970703, "passed": false}, "4": {"execution_time": 0.04004240036010742, "passed": false}, "5": {"execution_time": 0.04000210762023926, "passed": false}, "6": {"execution_time": 0.04082775115966797, "passed": false}, "7": {"execution_time": 0.04215121269226074, "passed": false}, "8": {"execution_time": 0.04301619529724121, "passed": false}, "9": {"execution_time": 0.04399824142456055, "passed": false}, "10": {"execution_time": 0.04000043869018555, "passed": false}, "11": {"execution_time": 0.03778791427612305, "passed": false}, "12": {"execution_time": 0.04207777976989746, "passed": false}, "13": {"execution_time": 0.040486812591552734, "passed": false}, "14": {"execution_time": 0.03750419616699219, "passed": false}, "15": {"execution_time": 0.04401516914367676, "passed": false}, "16": {"execution_time": 0.03645014762878418, "passed": false}, "17": {"execution_time": 0.04083752632141113, "passed": false}, "18": {"execution_time": 0.03770804405212402, "passed": false}, "19": {"execution_time": 0.037992238998413086, "passed": false}, "20": {"execution_time": 0.03652834892272949, "passed": false}, "21": {"execution_time": 0.039987802505493164, "passed": false}, "22": {"execution_time": 0.039999961853027344, "passed": false}, "23": {"execution_time": 0.040000200271606445, "passed": false}, "24": {"execution_time": 0.037079572677612305, "passed": false}}}, "pylint_score": "-2/10"}