{"version": "1", "message": "ERROR: Hidden Testcases server unreachable.", "problem_id": "cspp1_m10_a1_1", "user_id": "SupriyaMadupathi", "score": {"sample": {"0": {"execution_time": 0.037474870681762695, "passed": true}, "1": {"execution_time": 0.03731536865234375, "passed": true}, "2": {"execution_time": 0.03774142265319824, "passed": true}, "3": {"execution_time": 0.03818631172180176, "passed": false}, "4": {"execution_time": 0.03850555419921875, "passed": true}, "5": {"execution_time": 0.03790163993835449, "passed": false}, "6": {"execution_time": 0.037743568420410156, "passed": true}, "7": {"execution_time": 0.03889727592468262, "passed": false}, "8": {"execution_time": 0.03791689872741699, "passed": false}, "9": {"execution_time": 0.03783917427062988, "passed": false}, "10": {"execution_time": 0.03826785087585449, "passed": true}, "11": {"execution_time": 0.03796720504760742, "passed": true}, "12": {"execution_time": 0.037900447845458984, "passed": false}, "13": {"execution_time": 0.03810262680053711, "passed": false}, "14": {"execution_time": 0.03819704055786133, "passed": false}, "15": {"execution_time": 0.03793501853942871, "passed": false}, "16": {"execution_time": 0.03803133964538574, "passed": false}, "17": {"execution_time": 0.03812861442565918, "passed": true}, "18": {"execution_time": 0.038324832916259766, "passed": false}, "19": {"execution_time": 0.03789782524108887, "passed": false}, "20": {"execution_time": 0.03820919990539551, "passed": true}, "21": {"execution_time": 0.03769111633300781, "passed": false}, "22": {"execution_time": 0.03881978988647461, "passed": false}, "23": {"execution_time": 0.03900599479675293, "passed": false}, "24": {"execution_time": 0.038922786712646484, "passed": false}}}, "pylint_score": "4/10"}