{"version": "1", "message": "ERROR: Hidden Testcases server unreachable.", "problem_id": "cspp1_m10_a1_1", "user_id": "SupriyaMadupathi", "score": {"sample": {"0": {"execution_time": 0.041869401931762695, "passed": true}, "1": {"execution_time": 0.0387880802154541, "passed": false}, "2": {"execution_time": 0.04451799392700195, "passed": false}, "3": {"execution_time": 0.039765357971191406, "passed": false}, "4": {"execution_time": 0.03889822959899902, "passed": false}, "5": {"execution_time": 0.03879141807556152, "passed": false}, "6": {"execution_time": 0.03889584541320801, "passed": false}, "7": {"execution_time": 0.038634538650512695, "passed": false}, "8": {"execution_time": 0.039293766021728516, "passed": false}, "9": {"execution_time": 0.039412498474121094, "passed": false}, "10": {"execution_time": 0.038350582122802734, "passed": false}, "11": {"execution_time": 0.03878903388977051, "passed": false}, "12": {"execution_time": 0.03799104690551758, "passed": false}, "13": {"execution_time": 0.03995370864868164, "passed": false}, "14": {"execution_time": 0.039134979248046875, "passed": false}, "15": {"execution_time": 0.03897905349731445, "passed": false}, "16": {"execution_time": 0.03888130187988281, "passed": false}, "17": {"execution_time": 0.03853654861450195, "passed": true}, "18": {"execution_time": 0.0388951301574707, "passed": false}, "19": {"execution_time": 0.03869199752807617, "passed": false}, "20": {"execution_time": 0.03894472122192383, "passed": true}, "21": {"execution_time": 0.03885531425476074, "passed": false}, "22": {"execution_time": 0.038895606994628906, "passed": false}, "23": {"execution_time": 0.0388941764831543, "passed": false}, "24": {"execution_time": 0.038928985595703125, "passed": false}}}, "pylint_score": "2/10"}