{"version": "1", "message": "ERROR: Hidden Testcases server unreachable.", "problem_id": "cspp1_m10_a1_1", "user_id": "SupriyaMadupathi", "score": {"sample": {"0": {"execution_time": 0.05549287796020508, "passed": false}, "1": {"execution_time": 0.04397773742675781, "passed": false}, "2": {"execution_time": 0.039949655532836914, "passed": false}, "3": {"execution_time": 0.03590989112854004, "passed": false}, "4": {"execution_time": 0.03994870185852051, "passed": false}, "5": {"execution_time": 0.03994607925415039, "passed": false}, "6": {"execution_time": 0.035997629165649414, "passed": false}, "7": {"execution_time": 0.039901018142700195, "passed": false}, "8": {"execution_time": 0.038935184478759766, "passed": false}, "9": {"execution_time": 0.03937053680419922, "passed": false}, "10": {"execution_time": 0.03595399856567383, "passed": false}, "11": {"execution_time": 0.03994917869567871, "passed": false}, "12": {"execution_time": 0.040001869201660156, "passed": false}, "13": {"execution_time": 0.03589582443237305, "passed": false}, "14": {"execution_time": 0.03598499298095703, "passed": false}, "15": {"execution_time": 0.0388948917388916, "passed": false}, "16": {"execution_time": 0.03597593307495117, "passed": false}, "17": {"execution_time": 0.03828907012939453, "passed": false}, "18": {"execution_time": 0.03600025177001953, "passed": false}, "19": {"execution_time": 0.039902448654174805, "passed": false}, "20": {"execution_time": 0.04000592231750488, "passed": false}, "21": {"execution_time": 0.03742337226867676, "passed": false}, "22": {"execution_time": 0.03946042060852051, "passed": false}, "23": {"execution_time": 0.03600430488586426, "passed": false}, "24": {"execution_time": 0.03989744186401367, "passed": false}}}, "pylint_score": "-15/10"}