{"version": "1", "message": "ERROR: Hidden Testcases server unreachable.", "problem_id": "cspp1_m10_a1_1", "user_id": "SupriyaMadupathi", "score": {"sample": {"0": {"execution_time": 0.05189037322998047, "passed": false}, "1": {"execution_time": 0.04007840156555176, "passed": false}, "2": {"execution_time": 0.0399479866027832, "passed": false}, "3": {"execution_time": 0.035988569259643555, "passed": false}, "4": {"execution_time": 0.03994274139404297, "passed": false}, "5": {"execution_time": 0.039914846420288086, "passed": false}, "6": {"execution_time": 0.037439823150634766, "passed": false}, "7": {"execution_time": 0.03881573677062988, "passed": false}, "8": {"execution_time": 0.03876924514770508, "passed": false}, "9": {"execution_time": 0.03994894027709961, "passed": false}, "10": {"execution_time": 0.035993099212646484, "passed": false}, "11": {"execution_time": 0.040099382400512695, "passed": false}, "12": {"execution_time": 0.035985708236694336, "passed": false}, "13": {"execution_time": 0.04181361198425293, "passed": false}, "14": {"execution_time": 0.03653597831726074, "passed": false}, "15": {"execution_time": 0.0399472713470459, "passed": false}, "16": {"execution_time": 0.035985469818115234, "passed": false}, "17": {"execution_time": 0.039914608001708984, "passed": false}, "18": {"execution_time": 0.03595256805419922, "passed": false}, "19": {"execution_time": 0.03998589515686035, "passed": false}, "20": {"execution_time": 0.035959720611572266, "passed": false}, "21": {"execution_time": 0.03989815711975098, "passed": false}, "22": {"execution_time": 0.03595089912414551, "passed": false}, "23": {"execution_time": 0.03999137878417969, "passed": false}, "24": {"execution_time": 0.03595542907714844, "passed": false}}}, "pylint_score": "4/10"}