{"version": "1", "message": "ERROR: Hidden Testcases server unreachable.", "problem_id": "cspp1_m10_a1_1", "user_id": "SupriyaMadupathi", "score": {"sample": {"0": {"execution_time": 0.05368781089782715, "passed": false}, "1": {"execution_time": 0.05193495750427246, "passed": false}, "2": {"execution_time": 0.03778791427612305, "passed": false}, "3": {"execution_time": 0.043975114822387695, "passed": false}, "4": {"execution_time": 0.039914846420288086, "passed": false}, "5": {"execution_time": 0.03598737716674805, "passed": false}, "6": {"execution_time": 0.04094338417053223, "passed": false}, "7": {"execution_time": 0.039989471435546875, "passed": false}, "8": {"execution_time": 0.03595852851867676, "passed": false}, "9": {"execution_time": 0.039902687072753906, "passed": false}, "10": {"execution_time": 0.03994584083557129, "passed": false}, "11": {"execution_time": 0.04417300224304199, "passed": false}, "12": {"execution_time": 0.03995037078857422, "passed": false}, "13": {"execution_time": 0.03998541831970215, "passed": false}, "14": {"execution_time": 0.037291765213012695, "passed": false}, "15": {"execution_time": 0.03595256805419922, "passed": false}, "16": {"execution_time": 0.03998088836669922, "passed": false}, "17": {"execution_time": 0.03995156288146973, "passed": false}, "18": {"execution_time": 0.035913705825805664, "passed": false}, "19": {"execution_time": 0.036841630935668945, "passed": false}, "20": {"execution_time": 0.036000728607177734, "passed": false}, "21": {"execution_time": 0.03995776176452637, "passed": false}, "22": {"execution_time": 0.03995537757873535, "passed": false}, "23": {"execution_time": 0.035886287689208984, "passed": false}, "24": {"execution_time": 0.035985469818115234, "passed": false}}}, "pylint_score": "4/10"}