{"version": "1", "message": "ERROR: Hidden Testcases server unreachable.", "problem_id": "cspp1_m10_a1_1", "user_id": "SupriyaMadupathi", "score": {"sample": {"0": {"execution_time": 0.12782931327819824, "passed": false}, "1": {"execution_time": 0.08788299560546875, "passed": false}, "2": {"execution_time": 0.0758969783782959, "passed": false}, "3": {"execution_time": 0.07589983940124512, "passed": false}, "4": {"execution_time": 0.055924415588378906, "passed": false}, "5": {"execution_time": 0.0599210262298584, "passed": false}, "6": {"execution_time": 0.05193138122558594, "passed": false}, "7": {"execution_time": 0.04793572425842285, "passed": false}, "8": {"execution_time": 0.05193042755126953, "passed": false}, "9": {"execution_time": 0.047933340072631836, "passed": false}, "10": {"execution_time": 0.04394221305847168, "passed": false}, "11": {"execution_time": 0.0559234619140625, "passed": false}, "12": {"execution_time": 0.04394364356994629, "passed": false}, "13": {"execution_time": 0.047934532165527344, "passed": false}, "14": {"execution_time": 0.043941497802734375, "passed": false}, "15": {"execution_time": 0.04394173622131348, "passed": false}, "16": {"execution_time": 0.04394078254699707, "passed": false}, "17": {"execution_time": 0.047937631607055664, "passed": false}, "18": {"execution_time": 0.05991673469543457, "passed": false}, "19": {"execution_time": 0.05592513084411621, "passed": false}, "20": {"execution_time": 0.06391477584838867, "passed": false}, "21": {"execution_time": 0.05193376541137695, "passed": false}, "22": {"execution_time": 0.04793715476989746, "passed": false}, "23": {"execution_time": 0.04793143272399902, "passed": false}, "24": {"execution_time": 0.04397749900817871, "passed": false}}}, "pylint_score": "-14/10"}