{"version": "1", "message": "ERROR: Hidden Testcases server unreachable.", "problem_id": "cspp1_m10_a1_1", "user_id": "SupriyaMadupathi", "score": {"sample": {"0": {"execution_time": 0.038855552673339844, "passed": true}, "1": {"execution_time": 0.03889775276184082, "passed": true}, "2": {"execution_time": 0.03788161277770996, "passed": true}, "3": {"execution_time": 0.038572072982788086, "passed": false}, "4": {"execution_time": 0.03877139091491699, "passed": true}, "5": {"execution_time": 0.038450002670288086, "passed": false}, "6": {"execution_time": 0.038236141204833984, "passed": true}, "7": {"execution_time": 0.0381314754486084, "passed": false}, "8": {"execution_time": 0.03786134719848633, "passed": false}, "9": {"execution_time": 0.038091182708740234, "passed": false}, "10": {"execution_time": 0.03789877891540527, "passed": true}, "11": {"execution_time": 0.0422511100769043, "passed": true}, "12": {"execution_time": 0.0393064022064209, "passed": false}, "13": {"execution_time": 0.03889656066894531, "passed": false}, "14": {"execution_time": 0.039325714111328125, "passed": false}, "15": {"execution_time": 0.03907346725463867, "passed": false}, "16": {"execution_time": 0.038692474365234375, "passed": false}, "17": {"execution_time": 0.038788557052612305, "passed": true}, "18": {"execution_time": 0.038340091705322266, "passed": false}, "19": {"execution_time": 0.03907060623168945, "passed": false}, "20": {"execution_time": 0.03936600685119629, "passed": true}, "21": {"execution_time": 0.038596391677856445, "passed": false}, "22": {"execution_time": 0.038117408752441406, "passed": false}, "23": {"execution_time": 0.038855552673339844, "passed": false}, "24": {"execution_time": 0.039895057678222656, "passed": false}}}, "pylint_score": "4/10"}