{"version": "1", "message": "ERROR: Hidden Testcases server unreachable.", "problem_id": "cspp1_m10_a1_1", "user_id": "SupriyaMadupathi", "score": {"sample": {"0": {"execution_time": 0.059893131256103516, "passed": false}, "1": {"execution_time": 0.03994917869567871, "passed": false}, "2": {"execution_time": 0.03998374938964844, "passed": false}, "3": {"execution_time": 0.03990793228149414, "passed": false}, "4": {"execution_time": 0.039947509765625, "passed": false}, "5": {"execution_time": 0.039945125579833984, "passed": false}, "6": {"execution_time": 0.0399479866027832, "passed": false}, "7": {"execution_time": 0.035993099212646484, "passed": false}, "8": {"execution_time": 0.039903879165649414, "passed": false}, "9": {"execution_time": 0.03591728210449219, "passed": false}, "10": {"execution_time": 0.0399932861328125, "passed": false}, "11": {"execution_time": 0.0439295768737793, "passed": false}, "12": {"execution_time": 0.03991127014160156, "passed": false}, "13": {"execution_time": 0.03994488716125488, "passed": false}, "14": {"execution_time": 0.040004730224609375, "passed": false}, "15": {"execution_time": 0.03589367866516113, "passed": false}, "16": {"execution_time": 0.03994631767272949, "passed": false}, "17": {"execution_time": 0.03595304489135742, "passed": false}, "18": {"execution_time": 0.039987802505493164, "passed": false}, "19": {"execution_time": 0.03595757484436035, "passed": false}, "20": {"execution_time": 0.039899349212646484, "passed": false}, "21": {"execution_time": 0.0359501838684082, "passed": false}, "22": {"execution_time": 0.03599047660827637, "passed": false}, "23": {"execution_time": 0.03990674018859863, "passed": false}, "24": {"execution_time": 0.039948463439941406, "passed": false}}}, "pylint_score": "-15/10"}