{"version": "1", "message": "ERROR: Hidden Testcases server unreachable.", "problem_id": "cspp1_m10_a1_1", "user_id": "SupriyaMadupathi", "score": {"sample": {"0": {"execution_time": 0.05191397666931152, "passed": false}, "1": {"execution_time": 0.043909549713134766, "passed": false}, "2": {"execution_time": 0.04074907302856445, "passed": false}, "3": {"execution_time": 0.03995013236999512, "passed": false}, "4": {"execution_time": 0.035997629165649414, "passed": false}, "5": {"execution_time": 0.0399012565612793, "passed": false}, "6": {"execution_time": 0.03600716590881348, "passed": false}, "7": {"execution_time": 0.03598332405090332, "passed": false}, "8": {"execution_time": 0.03995943069458008, "passed": false}, "9": {"execution_time": 0.039469003677368164, "passed": false}, "10": {"execution_time": 0.0399479866027832, "passed": false}, "11": {"execution_time": 0.03599739074707031, "passed": false}, "12": {"execution_time": 0.039949655532836914, "passed": false}, "13": {"execution_time": 0.0359041690826416, "passed": false}, "14": {"execution_time": 0.03997969627380371, "passed": false}, "15": {"execution_time": 0.03995943069458008, "passed": false}, "16": {"execution_time": 0.03590655326843262, "passed": false}, "17": {"execution_time": 0.03994464874267578, "passed": false}, "18": {"execution_time": 0.03599977493286133, "passed": false}, "19": {"execution_time": 0.039933204650878906, "passed": false}, "20": {"execution_time": 0.03995871543884277, "passed": false}, "21": {"execution_time": 0.035907745361328125, "passed": false}, "22": {"execution_time": 0.040101051330566406, "passed": false}, "23": {"execution_time": 0.03599119186401367, "passed": false}, "24": {"execution_time": 0.03995537757873535, "passed": false}}}, "pylint_score": "-16/10"}