{"version": "1", "message": "ERROR: Hidden Testcases server unreachable.", "problem_id": "cspp1_m10_a1_1", "user_id": "SupriyaMadupathi", "score": {"sample": {"0": {"execution_time": 0.08892011642456055, "passed": false}, "1": {"execution_time": 0.04437685012817383, "passed": false}, "2": {"execution_time": 0.03999924659729004, "passed": false}, "3": {"execution_time": 0.039243459701538086, "passed": false}, "4": {"execution_time": 0.04221343994140625, "passed": false}, "5": {"execution_time": 0.04093194007873535, "passed": false}, "6": {"execution_time": 0.04000043869018555, "passed": false}, "7": {"execution_time": 0.04000091552734375, "passed": false}, "8": {"execution_time": 0.038331031799316406, "passed": false}, "9": {"execution_time": 0.04537677764892578, "passed": false}, "10": {"execution_time": 0.0403139591217041, "passed": false}, "11": {"execution_time": 0.037570953369140625, "passed": false}, "12": {"execution_time": 0.03920483589172363, "passed": false}, "13": {"execution_time": 0.03949451446533203, "passed": false}, "14": {"execution_time": 0.04133272171020508, "passed": false}, "15": {"execution_time": 0.03879523277282715, "passed": false}, "16": {"execution_time": 0.041640520095825195, "passed": false}, "17": {"execution_time": 0.03937125205993652, "passed": false}, "18": {"execution_time": 0.04242753982543945, "passed": false}, "19": {"execution_time": 0.03999924659729004, "passed": false}, "20": {"execution_time": 0.040688276290893555, "passed": false}, "21": {"execution_time": 0.037830352783203125, "passed": false}, "22": {"execution_time": 0.04000091552734375, "passed": false}, "23": {"execution_time": 0.042188405990600586, "passed": false}, "24": {"execution_time": 0.03757047653198242, "passed": false}}}, "pylint_score": "-2/10"}