{"version": "1", "message": "ERROR: Hidden Testcases server unreachable.", "problem_id": "cspp1_m10_a1_1", "user_id": "SupriyaMadupathi", "score": {"sample": {"0": {"execution_time": 0.059932708740234375, "passed": false}, "1": {"execution_time": 0.03992199897766113, "passed": false}, "2": {"execution_time": 0.040586233139038086, "passed": false}, "3": {"execution_time": 0.03999924659729004, "passed": false}, "4": {"execution_time": 0.035996437072753906, "passed": false}, "5": {"execution_time": 0.040288448333740234, "passed": false}, "6": {"execution_time": 0.04000663757324219, "passed": false}, "7": {"execution_time": 0.039922475814819336, "passed": false}, "8": {"execution_time": 0.03993797302246094, "passed": false}, "9": {"execution_time": 0.035928964614868164, "passed": false}, "10": {"execution_time": 0.03994631767272949, "passed": false}, "11": {"execution_time": 0.039945363998413086, "passed": false}, "12": {"execution_time": 0.03598809242248535, "passed": false}, "13": {"execution_time": 0.039910316467285156, "passed": false}, "14": {"execution_time": 0.039948463439941406, "passed": false}, "15": {"execution_time": 0.03599190711975098, "passed": false}, "16": {"execution_time": 0.040679216384887695, "passed": false}, "17": {"execution_time": 0.039949893951416016, "passed": false}, "18": {"execution_time": 0.039948225021362305, "passed": false}, "19": {"execution_time": 0.039945363998413086, "passed": false}, "20": {"execution_time": 0.039947509765625, "passed": false}, "21": {"execution_time": 0.0399479866027832, "passed": false}, "22": {"execution_time": 0.03994441032409668, "passed": false}, "23": {"execution_time": 0.03595137596130371, "passed": false}, "24": {"execution_time": 0.03595137596130371, "passed": false}}}, "pylint_score": "4/10"}