{"version": "1", "message": "ERROR: Hidden Testcases server unreachable.", "problem_id": "cspp1_m10_a1_1", "user_id": "SupriyaMadupathi", "score": {"sample": {"0": {"execution_time": 0.051980018615722656, "passed": false}, "1": {"execution_time": 0.039908647537231445, "passed": false}, "2": {"execution_time": 0.0399928092956543, "passed": false}, "3": {"execution_time": 0.04053783416748047, "passed": false}, "4": {"execution_time": 0.040602922439575195, "passed": false}, "5": {"execution_time": 0.03600192070007324, "passed": false}, "6": {"execution_time": 0.0399012565612793, "passed": false}, "7": {"execution_time": 0.037976741790771484, "passed": false}, "8": {"execution_time": 0.03863382339477539, "passed": false}, "9": {"execution_time": 0.0399470329284668, "passed": false}, "10": {"execution_time": 0.03599047660827637, "passed": false}, "11": {"execution_time": 0.03990769386291504, "passed": false}, "12": {"execution_time": 0.041693925857543945, "passed": false}, "13": {"execution_time": 0.03595590591430664, "passed": false}, "14": {"execution_time": 0.039946794509887695, "passed": false}, "15": {"execution_time": 0.03998208045959473, "passed": false}, "16": {"execution_time": 0.03761935234069824, "passed": false}, "17": {"execution_time": 0.03591632843017578, "passed": false}, "18": {"execution_time": 0.03994631767272949, "passed": false}, "19": {"execution_time": 0.03598904609680176, "passed": false}, "20": {"execution_time": 0.03991079330444336, "passed": false}, "21": {"execution_time": 0.03595256805419922, "passed": false}, "22": {"execution_time": 0.04072690010070801, "passed": false}, "23": {"execution_time": 0.03595304489135742, "passed": false}, "24": {"execution_time": 0.03598427772521973, "passed": false}}}, "pylint_score": "4/10"}