{"version": "1", "message": "ERROR: Hidden Testcases server unreachable.", "problem_id": "cspp1_m10_a1_1", "user_id": "SupriyaMadupathi", "score": {"sample": {"0": {"execution_time": 0.0464627742767334, "passed": true}, "1": {"execution_time": 0.031209230422973633, "passed": true}, "2": {"execution_time": 0.046898603439331055, "passed": true}, "3": {"execution_time": 0.031247377395629883, "passed": true}, "4": {"execution_time": 0.04686284065246582, "passed": true}, "5": {"execution_time": 0.03124070167541504, "passed": false}, "6": {"execution_time": 0.04686164855957031, "passed": true}, "7": {"execution_time": 0.031243085861206055, "passed": true}, "8": {"execution_time": 0.046865224838256836, "passed": true}, "9": {"execution_time": 0.031206846237182617, "passed": false}, "10": {"execution_time": 0.04690289497375488, "passed": true}, "11": {"execution_time": 0.04305315017700195, "passed": true}, "12": {"execution_time": 0.03387761116027832, "passed": true}, "13": {"execution_time": 0.031238794326782227, "passed": false}, "14": {"execution_time": 0.046864986419677734, "passed": false}, "15": {"execution_time": 0.03124403953552246, "passed": false}, "16": {"execution_time": 0.046826839447021484, "passed": true}, "17": {"execution_time": 0.03128385543823242, "passed": true}, "18": {"execution_time": 0.04682183265686035, "passed": true}, "19": {"execution_time": 0.0312802791595459, "passed": false}, "20": {"execution_time": 0.04996895790100098, "passed": true}, "21": {"execution_time": 0.03320598602294922, "passed": false}, "22": {"execution_time": 0.046828269958496094, "passed": false}, "23": {"execution_time": 0.03128194808959961, "passed": false}, "24": {"execution_time": 0.05080389976501465, "passed": false}}}, "pylint_score": "3/10"}