{"version": "1", "message": "ERROR: Hidden Testcases server unreachable.", "problem_id": "cspp1_m10_a1_1", "user_id": "SupriyaMadupathi", "score": {"sample": {"0": {"execution_time": 0.0640103816986084, "passed": true}, "1": {"execution_time": 0.040033817291259766, "passed": false}, "2": {"execution_time": 0.039971113204956055, "passed": false}, "3": {"execution_time": 0.04000210762023926, "passed": false}, "4": {"execution_time": 0.039998531341552734, "passed": false}, "5": {"execution_time": 0.04000091552734375, "passed": false}, "6": {"execution_time": 0.040000200271606445, "passed": false}, "7": {"execution_time": 0.04003286361694336, "passed": false}, "8": {"execution_time": 0.0359799861907959, "passed": false}, "9": {"execution_time": 0.036034584045410156, "passed": false}, "10": {"execution_time": 0.039963722229003906, "passed": false}, "11": {"execution_time": 0.04000091552734375, "passed": false}, "12": {"execution_time": 0.036035776138305664, "passed": false}, "13": {"execution_time": 0.03683805465698242, "passed": false}, "14": {"execution_time": 0.03999924659729004, "passed": false}, "15": {"execution_time": 0.037256479263305664, "passed": false}, "16": {"execution_time": 0.040001869201660156, "passed": true}, "17": {"execution_time": 0.04001045227050781, "passed": true}, "18": {"execution_time": 0.03598761558532715, "passed": true}, "19": {"execution_time": 0.03966045379638672, "passed": false}, "20": {"execution_time": 0.04000091552734375, "passed": true}, "21": {"execution_time": 0.040036678314208984, "passed": false}, "22": {"execution_time": 0.03600335121154785, "passed": false}, "23": {"execution_time": 0.03711867332458496, "passed": false}, "24": {"execution_time": 0.040044307708740234, "passed": false}}}, "pylint_score": "3/10"}