{"version": "1", "message": "ERROR: Hidden Testcases server unreachable.", "problem_id": "cspp1_m10_a1_1", "user_id": "SupriyaMadupathi", "score": {"sample": {"0": {"execution_time": 0.04238557815551758, "passed": true}, "1": {"execution_time": 0.04288792610168457, "passed": false}, "2": {"execution_time": 0.042931318283081055, "passed": false}, "3": {"execution_time": 0.04251551628112793, "passed": false}, "4": {"execution_time": 0.043447256088256836, "passed": false}, "5": {"execution_time": 0.04270815849304199, "passed": false}, "6": {"execution_time": 0.04325389862060547, "passed": false}, "7": {"execution_time": 0.0426633358001709, "passed": false}, "8": {"execution_time": 0.04276156425476074, "passed": false}, "9": {"execution_time": 0.04192709922790527, "passed": false}, "10": {"execution_time": 0.044080495834350586, "passed": false}, "11": {"execution_time": 0.04388713836669922, "passed": false}, "12": {"execution_time": 0.04288458824157715, "passed": false}, "13": {"execution_time": 0.04278850555419922, "passed": false}, "14": {"execution_time": 0.043442487716674805, "passed": false}, "15": {"execution_time": 0.042550086975097656, "passed": false}, "16": {"execution_time": 0.04302191734313965, "passed": false}, "17": {"execution_time": 0.042999982833862305, "passed": true}, "18": {"execution_time": 0.04293465614318848, "passed": false}, "19": {"execution_time": 0.04363369941711426, "passed": false}, "20": {"execution_time": 0.04288649559020996, "passed": true}, "21": {"execution_time": 0.04328799247741699, "passed": false}, "22": {"execution_time": 0.042885780334472656, "passed": false}, "23": {"execution_time": 0.042884111404418945, "passed": false}, "24": {"execution_time": 0.04449605941772461, "passed": false}}}, "pylint_score": "1/10"}