{"version": "1", "message": "ERROR: Hidden Testcases server unreachable.", "problem_id": "cspp1_m10_a1_1", "user_id": "SupriyaMadupathi", "score": {"sample": {"0": {"execution_time": 0.08676481246948242, "passed": true}, "1": {"execution_time": 0.050864458084106445, "passed": false}, "2": {"execution_time": 0.05140495300292969, "passed": false}, "3": {"execution_time": 0.047070980072021484, "passed": false}, "4": {"execution_time": 0.04790806770324707, "passed": false}, "5": {"execution_time": 0.04782724380493164, "passed": false}, "6": {"execution_time": 0.04787945747375488, "passed": false}, "7": {"execution_time": 0.047141075134277344, "passed": false}, "8": {"execution_time": 0.04774022102355957, "passed": false}, "9": {"execution_time": 0.047786712646484375, "passed": false}, "10": {"execution_time": 0.047870635986328125, "passed": false}, "11": {"execution_time": 0.0477445125579834, "passed": false}, "12": {"execution_time": 0.04694843292236328, "passed": false}, "13": {"execution_time": 0.04581737518310547, "passed": false}, "14": {"execution_time": 0.04873538017272949, "passed": false}, "15": {"execution_time": 0.04890322685241699, "passed": false}, "16": {"execution_time": 0.04960298538208008, "passed": false}, "17": {"execution_time": 0.05024290084838867, "passed": true}, "18": {"execution_time": 0.048835039138793945, "passed": true}, "19": {"execution_time": 0.05013227462768555, "passed": false}, "20": {"execution_time": 0.04757499694824219, "passed": true}, "21": {"execution_time": 0.047431230545043945, "passed": false}, "22": {"execution_time": 0.048552513122558594, "passed": false}, "23": {"execution_time": 0.04787254333496094, "passed": false}, "24": {"execution_time": 0.04684185981750488, "passed": false}}}, "pylint_score": "3/10"}