{"version": "1", "message": "ERROR: Hidden Testcases server unreachable.", "problem_id": "cspp1_m10_a1_1", "user_id": "SupriyaMadupathi", "score": {"sample": {"0": {"execution_time": 0.04648447036743164, "passed": true}, "1": {"execution_time": 0.04685497283935547, "passed": false}, "2": {"execution_time": 0.031204938888549805, "passed": false}, "3": {"execution_time": 0.046906232833862305, "passed": false}, "4": {"execution_time": 0.031239986419677734, "passed": false}, "5": {"execution_time": 0.0468747615814209, "passed": false}, "6": {"execution_time": 0.03119492530822754, "passed": false}, "7": {"execution_time": 0.04689764976501465, "passed": false}, "8": {"execution_time": 0.031243324279785156, "passed": false}, "9": {"execution_time": 0.04686689376831055, "passed": false}, "10": {"execution_time": 0.04423952102661133, "passed": false}, "11": {"execution_time": 0.03001570701599121, "passed": false}, "12": {"execution_time": 0.046864986419677734, "passed": false}, "13": {"execution_time": 0.0312809944152832, "passed": false}, "14": {"execution_time": 0.04682636260986328, "passed": false}, "15": {"execution_time": 0.03124403953552246, "passed": false}, "16": {"execution_time": 0.04686141014099121, "passed": true}, "17": {"execution_time": 0.03128170967102051, "passed": true}, "18": {"execution_time": 0.046827077865600586, "passed": true}, "19": {"execution_time": 0.031240463256835938, "passed": false}, "20": {"execution_time": 0.04686427116394043, "passed": true}, "21": {"execution_time": 0.03128552436828613, "passed": false}, "22": {"execution_time": 0.04682135581970215, "passed": false}, "23": {"execution_time": 0.04293012619018555, "passed": false}, "24": {"execution_time": 0.033501625061035156, "passed": false}}}, "pylint_score": "4/10"}