{"version": "1", "message": "ERROR: Hidden Testcases server unreachable.", "problem_id": "cspp1_m10_a1_1", "user_id": "SupriyaMadupathi", "score": {"sample": {"0": {"execution_time": 0.04089474678039551, "passed": true}, "1": {"execution_time": 0.04094076156616211, "passed": true}, "2": {"execution_time": 0.040144920349121094, "passed": true}, "3": {"execution_time": 0.04172205924987793, "passed": true}, "4": {"execution_time": 0.03985285758972168, "passed": true}, "5": {"execution_time": 0.04089069366455078, "passed": true}, "6": {"execution_time": 0.04088950157165527, "passed": true}, "7": {"execution_time": 0.04089522361755371, "passed": true}, "8": {"execution_time": 0.04103827476501465, "passed": true}, "9": {"execution_time": 0.04070115089416504, "passed": true}, "10": {"execution_time": 0.04090762138366699, "passed": true}, "11": {"execution_time": 0.04087567329406738, "passed": true}, "12": {"execution_time": 0.040886878967285156, "passed": true}, "13": {"execution_time": 0.039895057678222656, "passed": true}, "14": {"execution_time": 0.0423130989074707, "passed": true}, "15": {"execution_time": 0.04192495346069336, "passed": false}, "16": {"execution_time": 0.040918588638305664, "passed": true}, "17": {"execution_time": 0.040892839431762695, "passed": true}, "18": {"execution_time": 0.039896249771118164, "passed": true}, "19": {"execution_time": 0.03989005088806152, "passed": false}, "20": {"execution_time": 0.040094852447509766, "passed": true}, "21": {"execution_time": 0.04189014434814453, "passed": false}, "22": {"execution_time": 0.04097294807434082, "passed": false}, "23": {"execution_time": 0.04388308525085449, "passed": false}, "24": {"execution_time": 0.04192686080932617, "passed": false}}}, "pylint_score": "5/10"}