{"version": "1", "message": "ERROR: Hidden Testcases server unreachable.", "problem_id": "cspp1_m10_a1_1", "user_id": "SupriyaMadupathi", "score": {"sample": {"0": {"execution_time": 0.04089069366455078, "passed": true}, "1": {"execution_time": 0.04288458824157715, "passed": true}, "2": {"execution_time": 0.04088997840881348, "passed": true}, "3": {"execution_time": 0.03989458084106445, "passed": true}, "4": {"execution_time": 0.03989219665527344, "passed": true}, "5": {"execution_time": 0.043440818786621094, "passed": false}, "6": {"execution_time": 0.04887032508850098, "passed": true}, "7": {"execution_time": 0.0409395694732666, "passed": true}, "8": {"execution_time": 0.04089069366455078, "passed": true}, "9": {"execution_time": 0.03989362716674805, "passed": false}, "10": {"execution_time": 0.040921688079833984, "passed": true}, "11": {"execution_time": 0.040891170501708984, "passed": true}, "12": {"execution_time": 0.03989362716674805, "passed": true}, "13": {"execution_time": 0.03852415084838867, "passed": false}, "14": {"execution_time": 0.03928518295288086, "passed": false}, "15": {"execution_time": 0.04006171226501465, "passed": false}, "16": {"execution_time": 0.04087352752685547, "passed": true}, "17": {"execution_time": 0.039893388748168945, "passed": false}, "18": {"execution_time": 0.039893150329589844, "passed": true}, "19": {"execution_time": 0.03989458084106445, "passed": false}, "20": {"execution_time": 0.03981351852416992, "passed": false}, "21": {"execution_time": 0.03979325294494629, "passed": false}, "22": {"execution_time": 0.04028677940368652, "passed": false}, "23": {"execution_time": 0.038692474365234375, "passed": false}, "24": {"execution_time": 0.03889751434326172, "passed": false}}}, "pylint_score": "4/10"}