{"version": "1", "message": "ERROR: Hidden Testcases server unreachable.", "problem_id": "cspp1_m10_a1_1", "user_id": "SupriyaMadupathi", "score": {"sample": {"0": {"execution_time": 0.04260587692260742, "passed": true}, "1": {"execution_time": 0.041853904724121094, "passed": true}, "2": {"execution_time": 0.0415952205657959, "passed": true}, "3": {"execution_time": 0.04141736030578613, "passed": true}, "4": {"execution_time": 0.04188704490661621, "passed": true}, "5": {"execution_time": 0.04189753532409668, "passed": true}, "6": {"execution_time": 0.040781259536743164, "passed": true}, "7": {"execution_time": 0.042044878005981445, "passed": true}, "8": {"execution_time": 0.04388308525085449, "passed": true}, "9": {"execution_time": 0.04089164733886719, "passed": true}, "10": {"execution_time": 0.04288506507873535, "passed": true}, "11": {"execution_time": 0.04188895225524902, "passed": true}, "12": {"execution_time": 0.040891408920288086, "passed": true}, "13": {"execution_time": 0.041469573974609375, "passed": true}, "14": {"execution_time": 0.04188966751098633, "passed": true}, "15": {"execution_time": 0.04118776321411133, "passed": false}, "16": {"execution_time": 0.04189872741699219, "passed": true}, "17": {"execution_time": 0.04158163070678711, "passed": true}, "18": {"execution_time": 0.045877933502197266, "passed": true}, "19": {"execution_time": 0.04249262809753418, "passed": false}, "20": {"execution_time": 0.04020953178405762, "passed": true}, "21": {"execution_time": 0.044847965240478516, "passed": false}, "22": {"execution_time": 0.04388165473937988, "passed": false}, "23": {"execution_time": 0.04293370246887207, "passed": false}, "24": {"execution_time": 0.04368710517883301, "passed": false}}}, "pylint_score": "6/10"}