{"version": "1", "message": "ERROR: Hidden Testcases server unreachable.", "problem_id": "cspp1_m10_a1_1", "user_id": "SupriyaMadupathi", "score": {"sample": {"0": {"execution_time": 0.04052853584289551, "passed": true}, "1": {"execution_time": 0.03889727592468262, "passed": false}, "2": {"execution_time": 0.03832530975341797, "passed": false}, "3": {"execution_time": 0.037989139556884766, "passed": false}, "4": {"execution_time": 0.03871297836303711, "passed": false}, "5": {"execution_time": 0.03817415237426758, "passed": false}, "6": {"execution_time": 0.03853583335876465, "passed": false}, "7": {"execution_time": 0.038918495178222656, "passed": false}, "8": {"execution_time": 0.038501739501953125, "passed": false}, "9": {"execution_time": 0.03866267204284668, "passed": false}, "10": {"execution_time": 0.03809499740600586, "passed": false}, "11": {"execution_time": 0.03834128379821777, "passed": false}, "12": {"execution_time": 0.03791308403015137, "passed": false}, "13": {"execution_time": 0.03861045837402344, "passed": false}, "14": {"execution_time": 0.038782358169555664, "passed": false}, "15": {"execution_time": 0.0399472713470459, "passed": false}, "16": {"execution_time": 0.039086103439331055, "passed": true}, "17": {"execution_time": 0.03894329071044922, "passed": true}, "18": {"execution_time": 0.03841662406921387, "passed": true}, "19": {"execution_time": 0.03863787651062012, "passed": false}, "20": {"execution_time": 0.03894782066345215, "passed": true}, "21": {"execution_time": 0.039224863052368164, "passed": false}, "22": {"execution_time": 0.03856515884399414, "passed": false}, "23": {"execution_time": 0.03849482536315918, "passed": false}, "24": {"execution_time": 0.037926673889160156, "passed": false}}}, "pylint_score": "4/10"}