{"version": "1", "message": "ERROR: Hidden Testcases server unreachable.", "problem_id": "cspp1_m10_a1_1", "user_id": "SupriyaMadupathi", "score": {"sample": {"0": {"execution_time": 0.04486227035522461, "passed": true}, "1": {"execution_time": 0.0438845157623291, "passed": false}, "2": {"execution_time": 0.15924358367919922, "passed": false}, "3": {"execution_time": 0.041266679763793945, "passed": false}, "4": {"execution_time": 0.04268932342529297, "passed": false}, "5": {"execution_time": 0.04286527633666992, "passed": false}, "6": {"execution_time": 0.04193735122680664, "passed": false}, "7": {"execution_time": 0.04099631309509277, "passed": false}, "8": {"execution_time": 0.042928218841552734, "passed": false}, "9": {"execution_time": 0.042359352111816406, "passed": false}, "10": {"execution_time": 0.04158806800842285, "passed": false}, "11": {"execution_time": 0.04293942451477051, "passed": false}, "12": {"execution_time": 0.04219388961791992, "passed": false}, "13": {"execution_time": 0.04331517219543457, "passed": false}, "14": {"execution_time": 0.04188966751098633, "passed": false}, "15": {"execution_time": 0.04088783264160156, "passed": false}, "16": {"execution_time": 0.04245400428771973, "passed": false}, "17": {"execution_time": 0.04192614555358887, "passed": false}, "18": {"execution_time": 0.04318881034851074, "passed": false}, "19": {"execution_time": 0.04162287712097168, "passed": false}, "20": {"execution_time": 0.04503965377807617, "passed": false}, "21": {"execution_time": 0.04388141632080078, "passed": false}, "22": {"execution_time": 0.04288673400878906, "passed": false}, "23": {"execution_time": 0.04277372360229492, "passed": false}, "24": {"execution_time": 0.04466080665588379, "passed": false}}}, "pylint_score": "0/0"}