{"version": "1", "message": "ERROR: Hidden Testcases server unreachable.", "problem_id": "cspp1_m10_a1_1", "user_id": "SupriyaMadupathi", "score": {"sample": {"0": {"execution_time": 0.0366971492767334, "passed": true}, "1": {"execution_time": 0.031245708465576172, "passed": false}, "2": {"execution_time": 0.046861886978149414, "passed": false}, "3": {"execution_time": 0.03128170967102051, "passed": false}, "4": {"execution_time": 0.046860694885253906, "passed": false}, "5": {"execution_time": 0.03120589256286621, "passed": false}, "6": {"execution_time": 0.04686570167541504, "passed": false}, "7": {"execution_time": 0.03127789497375488, "passed": false}, "8": {"execution_time": 0.0468287467956543, "passed": false}, "9": {"execution_time": 0.031243324279785156, "passed": false}, "10": {"execution_time": 0.04733157157897949, "passed": false}, "11": {"execution_time": 0.02609539031982422, "passed": false}, "12": {"execution_time": 0.04690098762512207, "passed": false}, "13": {"execution_time": 0.03124237060546875, "passed": false}, "14": {"execution_time": 0.04686784744262695, "passed": false}, "15": {"execution_time": 0.031205177307128906, "passed": false}, "16": {"execution_time": 0.046900033950805664, "passed": true}, "17": {"execution_time": 0.03124213218688965, "passed": true}, "18": {"execution_time": 0.046860694885253906, "passed": true}, "19": {"execution_time": 0.03120732307434082, "passed": false}, "20": {"execution_time": 0.046865224838256836, "passed": true}, "21": {"execution_time": 0.03128218650817871, "passed": false}, "22": {"execution_time": 0.04682326316833496, "passed": false}, "23": {"execution_time": 0.03981828689575195, "passed": false}, "24": {"execution_time": 0.039734601974487305, "passed": false}}}, "pylint_score": "3/10"}