{"version": "1", "message": "ERROR: Hidden Testcases server unreachable.", "problem_id": "cspp1_m10_a1_1", "user_id": "SupriyaMadupathi", "score": {"sample": {"0": {"execution_time": 0.046466827392578125, "passed": true}, "1": {"execution_time": 0.03124213218688965, "passed": false}, "2": {"execution_time": 0.04686570167541504, "passed": false}, "3": {"execution_time": 0.031202316284179688, "passed": false}, "4": {"execution_time": 0.04686474800109863, "passed": false}, "5": {"execution_time": 0.031278371810913086, "passed": false}, "6": {"execution_time": 0.04897618293762207, "passed": false}, "7": {"execution_time": 0.031244516372680664, "passed": false}, "8": {"execution_time": 0.03127932548522949, "passed": false}, "9": {"execution_time": 0.03128647804260254, "passed": false}, "10": {"execution_time": 0.03664231300354004, "passed": false}, "11": {"execution_time": 0.04686737060546875, "passed": false}, "12": {"execution_time": 0.031282663345336914, "passed": false}, "13": {"execution_time": 0.04682135581970215, "passed": false}, "14": {"execution_time": 0.031244516372680664, "passed": false}, "15": {"execution_time": 0.04691052436828613, "passed": false}, "16": {"execution_time": 0.031233787536621094, "passed": false}, "17": {"execution_time": 0.04682564735412598, "passed": true}, "18": {"execution_time": 0.032918691635131836, "passed": true}, "19": {"execution_time": 0.04061102867126465, "passed": false}, "20": {"execution_time": 0.046904802322387695, "passed": true}, "21": {"execution_time": 0.04686236381530762, "passed": false}, "22": {"execution_time": 0.04682731628417969, "passed": false}, "23": {"execution_time": 0.034813880920410156, "passed": false}, "24": {"execution_time": 0.046911001205444336, "passed": false}}}, "pylint_score": "1/10"}