{"version": "1", "message": "ERROR: Hidden Testcases server unreachable.", "problem_id": "cspp1_m10_a1_1", "user_id": "SupriyaMadupathi", "score": {"sample": {"0": {"execution_time": 0.04686474800109863, "passed": true}, "1": {"execution_time": 0.031279563903808594, "passed": false}, "2": {"execution_time": 0.046827077865600586, "passed": false}, "3": {"execution_time": 0.03128314018249512, "passed": false}, "4": {"execution_time": 0.04682421684265137, "passed": false}, "5": {"execution_time": 0.031279802322387695, "passed": false}, "6": {"execution_time": 0.04664278030395508, "passed": false}, "7": {"execution_time": 0.03818368911743164, "passed": false}, "8": {"execution_time": 0.036923885345458984, "passed": false}, "9": {"execution_time": 0.03127765655517578, "passed": false}, "10": {"execution_time": 0.0468292236328125, "passed": false}, "11": {"execution_time": 0.03124213218688965, "passed": false}, "12": {"execution_time": 0.031280517578125, "passed": false}, "13": {"execution_time": 0.031241655349731445, "passed": false}, "14": {"execution_time": 0.03124237060546875, "passed": false}, "15": {"execution_time": 0.0469052791595459, "passed": false}, "16": {"execution_time": 0.03124070167541504, "passed": true}, "17": {"execution_time": 0.046862125396728516, "passed": true}, "18": {"execution_time": 0.031207799911499023, "passed": true}, "19": {"execution_time": 0.04936361312866211, "passed": false}, "20": {"execution_time": 0.03127908706665039, "passed": true}, "21": {"execution_time": 0.04682755470275879, "passed": false}, "22": {"execution_time": 0.03124260902404785, "passed": false}, "23": {"execution_time": 0.04686570167541504, "passed": false}, "24": {"execution_time": 0.03127765655517578, "passed": false}}}, "pylint_score": "3/10"}