{"version": "1", "message": "ERROR: Hidden Testcases server unreachable.", "problem_id": "cspp1_m10_a1_1", "user_id": "SupriyaMadupathi", "score": {"sample": {"0": {"execution_time": 0.040999412536621094, "passed": true}, "1": {"execution_time": 0.038722991943359375, "passed": true}, "2": {"execution_time": 0.03882622718811035, "passed": true}, "3": {"execution_time": 0.039525747299194336, "passed": true}, "4": {"execution_time": 0.0386195182800293, "passed": true}, "5": {"execution_time": 0.043981313705444336, "passed": false}, "6": {"execution_time": 0.041886091232299805, "passed": true}, "7": {"execution_time": 0.03848862648010254, "passed": true}, "8": {"execution_time": 0.03907132148742676, "passed": true}, "9": {"execution_time": 0.038803815841674805, "passed": false}, "10": {"execution_time": 0.03889870643615723, "passed": true}, "11": {"execution_time": 0.03886151313781738, "passed": true}, "12": {"execution_time": 0.039856910705566406, "passed": true}, "13": {"execution_time": 0.0388026237487793, "passed": false}, "14": {"execution_time": 0.03944754600524902, "passed": false}, "15": {"execution_time": 0.03889870643615723, "passed": false}, "16": {"execution_time": 0.03861737251281738, "passed": true}, "17": {"execution_time": 0.03789806365966797, "passed": true}, "18": {"execution_time": 0.038895606994628906, "passed": true}, "19": {"execution_time": 0.03903603553771973, "passed": false}, "20": {"execution_time": 0.0381770133972168, "passed": true}, "21": {"execution_time": 0.05489158630371094, "passed": false}, "22": {"execution_time": 0.03881669044494629, "passed": false}, "23": {"execution_time": 0.038951873779296875, "passed": false}, "24": {"execution_time": 0.03895115852355957, "passed": false}}}, "pylint_score": "4/10"}