{"version": "1", "message": "ERROR: Hidden Testcases server unreachable.", "problem_id": "cspp1_m10_a1_1", "user_id": "SupriyaMadupathi", "score": {"sample": {"0": {"execution_time": 0.049170494079589844, "passed": true}, "1": {"execution_time": 0.03878664970397949, "passed": false}, "2": {"execution_time": 0.03789973258972168, "passed": false}, "3": {"execution_time": 0.03793025016784668, "passed": false}, "4": {"execution_time": 0.03794527053833008, "passed": false}, "5": {"execution_time": 0.03889656066894531, "passed": false}, "6": {"execution_time": 0.03847861289978027, "passed": false}, "7": {"execution_time": 0.038553476333618164, "passed": false}, "8": {"execution_time": 0.03889942169189453, "passed": false}, "9": {"execution_time": 0.03884124755859375, "passed": false}, "10": {"execution_time": 0.03858017921447754, "passed": false}, "11": {"execution_time": 0.038899898529052734, "passed": false}, "12": {"execution_time": 0.03842043876647949, "passed": false}, "13": {"execution_time": 0.03851509094238281, "passed": false}, "14": {"execution_time": 0.0392155647277832, "passed": false}, "15": {"execution_time": 0.03824114799499512, "passed": false}, "16": {"execution_time": 0.039678096771240234, "passed": false}, "17": {"execution_time": 0.03776407241821289, "passed": true}, "18": {"execution_time": 0.03821372985839844, "passed": false}, "19": {"execution_time": 0.03794717788696289, "passed": false}, "20": {"execution_time": 0.03833174705505371, "passed": true}, "21": {"execution_time": 0.03847455978393555, "passed": false}, "22": {"execution_time": 0.039861440658569336, "passed": false}, "23": {"execution_time": 0.038092613220214844, "passed": false}, "24": {"execution_time": 0.03801727294921875, "passed": false}}}, "pylint_score": "5/10"}