{"version": "1", "message": "ERROR: Hidden Testcases server unreachable.", "problem_id": "cspp1_m10_a1_1", "user_id": "SupriyaMadupathi", "score": {"sample": {"0": {"execution_time": 0.06020331382751465, "passed": false}, "1": {"execution_time": 0.04784202575683594, "passed": false}, "2": {"execution_time": 0.047289371490478516, "passed": false}, "3": {"execution_time": 0.04671955108642578, "passed": false}, "4": {"execution_time": 0.05126333236694336, "passed": false}, "5": {"execution_time": 0.04833698272705078, "passed": false}, "6": {"execution_time": 0.04764580726623535, "passed": false}, "7": {"execution_time": 0.04911470413208008, "passed": false}, "8": {"execution_time": 0.048383474349975586, "passed": false}, "9": {"execution_time": 0.049109697341918945, "passed": false}, "10": {"execution_time": 0.04790496826171875, "passed": false}, "11": {"execution_time": 0.04788470268249512, "passed": false}, "12": {"execution_time": 0.04680919647216797, "passed": false}, "13": {"execution_time": 0.04887056350708008, "passed": false}, "14": {"execution_time": 0.04787278175354004, "passed": false}, "15": {"execution_time": 0.04783511161804199, "passed": false}, "16": {"execution_time": 0.04862356185913086, "passed": false}, "17": {"execution_time": 0.04903888702392578, "passed": false}, "18": {"execution_time": 0.04688382148742676, "passed": false}, "19": {"execution_time": 0.04595375061035156, "passed": false}, "20": {"execution_time": 0.04794120788574219, "passed": false}, "21": {"execution_time": 0.04786992073059082, "passed": false}, "22": {"execution_time": 0.045912742614746094, "passed": false}, "23": {"execution_time": 0.04639554023742676, "passed": false}, "24": {"execution_time": 0.04824113845825195, "passed": false}}}, "pylint_score": "3/10"}