{"version": "1", "message": "ERROR: Hidden Testcases server unreachable.", "problem_id": "cspp1_m10_a1_1", "user_id": "SupriyaMadupathi", "score": {"sample": {"0": {"execution_time": 0.046892404556274414, "passed": true}, "1": {"execution_time": 0.047379255294799805, "passed": false}, "2": {"execution_time": 0.0328364372253418, "passed": false}, "3": {"execution_time": 0.04686379432678223, "passed": false}, "4": {"execution_time": 0.0375981330871582, "passed": false}, "5": {"execution_time": 0.04690241813659668, "passed": false}, "6": {"execution_time": 0.04964303970336914, "passed": false}, "7": {"execution_time": 0.03128170967102051, "passed": false}, "8": {"execution_time": 0.04686379432678223, "passed": false}, "9": {"execution_time": 0.04686164855957031, "passed": false}, "10": {"execution_time": 0.04583024978637695, "passed": false}, "11": {"execution_time": 0.03145432472229004, "passed": false}, "12": {"execution_time": 0.046863555908203125, "passed": false}, "13": {"execution_time": 0.03124213218688965, "passed": false}, "14": {"execution_time": 0.03873848915100098, "passed": false}, "15": {"execution_time": 0.04692673683166504, "passed": false}, "16": {"execution_time": 0.031182289123535156, "passed": true}, "17": {"execution_time": 0.05923604965209961, "passed": true}, "18": {"execution_time": 0.0424199104309082, "passed": true}, "19": {"execution_time": 0.031279802322387695, "passed": false}, "20": {"execution_time": 0.04686617851257324, "passed": true}, "21": {"execution_time": 0.04686784744262695, "passed": false}, "22": {"execution_time": 0.031238555908203125, "passed": false}, "23": {"execution_time": 0.03124237060546875, "passed": false}, "24": {"execution_time": 0.03127884864807129, "passed": false}}}, "pylint_score": "2/10"}