{"version": "1", "message": "ERROR: Hidden Testcases server unreachable.", "problem_id": "cspp1_m10_a1_1", "user_id": "SupriyaMadupathi", "score": {"sample": {"0": {"execution_time": 0.09287643432617188, "passed": false}, "1": {"execution_time": 0.047844648361206055, "passed": false}, "2": {"execution_time": 0.04887032508850098, "passed": false}, "3": {"execution_time": 0.04983830451965332, "passed": false}, "4": {"execution_time": 0.04922604560852051, "passed": false}, "5": {"execution_time": 0.048833608627319336, "passed": false}, "6": {"execution_time": 0.048043251037597656, "passed": false}, "7": {"execution_time": 0.04847455024719238, "passed": false}, "8": {"execution_time": 0.048288583755493164, "passed": false}, "9": {"execution_time": 0.04787850379943848, "passed": false}, "10": {"execution_time": 0.0487363338470459, "passed": false}, "11": {"execution_time": 0.04902839660644531, "passed": false}, "12": {"execution_time": 0.04890918731689453, "passed": false}, "13": {"execution_time": 0.0503535270690918, "passed": false}, "14": {"execution_time": 0.04886937141418457, "passed": false}, "15": {"execution_time": 0.05585122108459473, "passed": false}, "16": {"execution_time": 0.06183338165283203, "passed": false}, "17": {"execution_time": 0.04707455635070801, "passed": false}, "18": {"execution_time": 0.04850578308105469, "passed": false}, "19": {"execution_time": 0.04871964454650879, "passed": false}, "20": {"execution_time": 0.0483095645904541, "passed": false}, "21": {"execution_time": 0.04875993728637695, "passed": false}, "22": {"execution_time": 0.049536705017089844, "passed": false}, "23": {"execution_time": 0.048871517181396484, "passed": false}, "24": {"execution_time": 0.04784584045410156, "passed": false}}}, "pylint_score": "3/10"}