{"version": "1", "message": "ERROR: Hidden Testcases server unreachable.", "problem_id": "cspp1_m10_a1_1", "user_id": "SupriyaMadupathi", "score": {"sample": {"0": {"execution_time": 0.03903388977050781, "passed": true}, "1": {"execution_time": 0.03889727592468262, "passed": false}, "2": {"execution_time": 0.0397648811340332, "passed": false}, "3": {"execution_time": 0.0400543212890625, "passed": false}, "4": {"execution_time": 0.03889894485473633, "passed": false}, "5": {"execution_time": 0.03792238235473633, "passed": false}, "6": {"execution_time": 0.03799009323120117, "passed": false}, "7": {"execution_time": 0.038244009017944336, "passed": false}, "8": {"execution_time": 0.038898468017578125, "passed": false}, "9": {"execution_time": 0.03808021545410156, "passed": false}, "10": {"execution_time": 0.037897348403930664, "passed": false}, "11": {"execution_time": 0.03793740272521973, "passed": false}, "12": {"execution_time": 0.03789973258972168, "passed": false}, "13": {"execution_time": 0.03889632225036621, "passed": false}, "14": {"execution_time": 0.03849315643310547, "passed": false}, "15": {"execution_time": 0.03889751434326172, "passed": false}, "16": {"execution_time": 0.03879094123840332, "passed": false}, "17": {"execution_time": 0.03893017768859863, "passed": true}, "18": {"execution_time": 0.03892326354980469, "passed": false}, "19": {"execution_time": 0.037900686264038086, "passed": false}, "20": {"execution_time": 0.038088083267211914, "passed": true}, "21": {"execution_time": 0.03795933723449707, "passed": false}, "22": {"execution_time": 0.03793621063232422, "passed": false}, "23": {"execution_time": 0.037752628326416016, "passed": false}, "24": {"execution_time": 0.03912806510925293, "passed": false}}}, "pylint_score": "2/10"}