{"version": "1", "message": "ERROR: Hidden Testcases server unreachable.", "problem_id": "cspp1_m10_a1_1", "user_id": "SupriyaMadupathi", "score": {"sample": {"0": {"execution_time": 0.09196066856384277, "passed": true}, "1": {"execution_time": 0.04436993598937988, "passed": false}, "2": {"execution_time": 0.040042877197265625, "passed": false}, "3": {"execution_time": 0.043512821197509766, "passed": false}, "4": {"execution_time": 0.04004788398742676, "passed": false}, "5": {"execution_time": 0.039952993392944336, "passed": false}, "6": {"execution_time": 0.04064679145812988, "passed": false}, "7": {"execution_time": 0.04001259803771973, "passed": false}, "8": {"execution_time": 0.04398941993713379, "passed": false}, "9": {"execution_time": 0.040042877197265625, "passed": false}, "10": {"execution_time": 0.039957523345947266, "passed": false}, "11": {"execution_time": 0.0388031005859375, "passed": false}, "12": {"execution_time": 0.04167962074279785, "passed": false}, "13": {"execution_time": 0.03603100776672363, "passed": false}, "14": {"execution_time": 0.04073596000671387, "passed": false}, "15": {"execution_time": 0.0399632453918457, "passed": false}, "16": {"execution_time": 0.040044546127319336, "passed": false}, "17": {"execution_time": 0.03997492790222168, "passed": true}, "18": {"execution_time": 0.03604412078857422, "passed": true}, "19": {"execution_time": 0.03649759292602539, "passed": false}, "20": {"execution_time": 0.040003061294555664, "passed": true}, "21": {"execution_time": 0.036042213439941406, "passed": false}, "22": {"execution_time": 0.0399937629699707, "passed": false}, "23": {"execution_time": 0.039965152740478516, "passed": false}, "24": {"execution_time": 0.03603506088256836, "passed": false}}}, "pylint_score": "2/10"}