{"version": "1", "message": "ERROR: Hidden Testcases server unreachable.", "problem_id": "cspp1_m10_a1_1", "user_id": "SupriyaMadupathi", "score": {"sample": {"0": {"execution_time": 0.04646873474121094, "passed": true}, "1": {"execution_time": 0.0468297004699707, "passed": false}, "2": {"execution_time": 0.0312809944152832, "passed": false}, "3": {"execution_time": 0.04449605941772461, "passed": false}, "4": {"execution_time": 0.04771614074707031, "passed": false}, "5": {"execution_time": 0.032449960708618164, "passed": false}, "6": {"execution_time": 0.04682660102844238, "passed": false}, "7": {"execution_time": 0.03127765655517578, "passed": false}, "8": {"execution_time": 0.046828508377075195, "passed": false}, "9": {"execution_time": 0.03127861022949219, "passed": false}, "10": {"execution_time": 0.046826839447021484, "passed": false}, "11": {"execution_time": 0.031279563903808594, "passed": false}, "12": {"execution_time": 0.046828508377075195, "passed": false}, "13": {"execution_time": 0.03943753242492676, "passed": false}, "14": {"execution_time": 0.03973650932312012, "passed": false}, "15": {"execution_time": 0.0312809944152832, "passed": false}, "16": {"execution_time": 0.046866655349731445, "passed": true}, "17": {"execution_time": 0.03993821144104004, "passed": true}, "18": {"execution_time": 0.039545297622680664, "passed": true}, "19": {"execution_time": 0.031278133392333984, "passed": false}, "20": {"execution_time": 0.0468292236328125, "passed": true}, "21": {"execution_time": 0.03124403953552246, "passed": false}, "22": {"execution_time": 0.046861886978149414, "passed": false}, "23": {"execution_time": 0.0312807559967041, "passed": false}, "24": {"execution_time": 0.04682612419128418, "passed": false}}}, "pylint_score": "0/10"}