{"version": "1", "message": "ERROR: Hidden Testcases server unreachable.", "problem_id": "cspp1_m10_a1_1", "user_id": "SupriyaMadupathi", "score": {"sample": {"0": {"execution_time": 0.07999825477600098, "passed": true}, "1": {"execution_time": 0.04023408889770508, "passed": true}, "2": {"execution_time": 0.04803013801574707, "passed": true}, "3": {"execution_time": 0.036199331283569336, "passed": true}, "4": {"execution_time": 0.04158592224121094, "passed": true}, "5": {"execution_time": 0.04400134086608887, "passed": true}, "6": {"execution_time": 0.04149436950683594, "passed": true}, "7": {"execution_time": 0.038523197174072266, "passed": true}, "8": {"execution_time": 0.04003500938415527, "passed": true}, "9": {"execution_time": 0.03999900817871094, "passed": true}, "10": {"execution_time": 0.04554319381713867, "passed": true}, "11": {"execution_time": 0.04114651679992676, "passed": true}, "12": {"execution_time": 0.039929866790771484, "passed": true}, "13": {"execution_time": 0.04186868667602539, "passed": true}, "14": {"execution_time": 0.04006052017211914, "passed": true}, "15": {"execution_time": 0.03597712516784668, "passed": false}, "16": {"execution_time": 0.04171323776245117, "passed": true}, "17": {"execution_time": 0.039954185485839844, "passed": false}, "18": {"execution_time": 0.040061235427856445, "passed": true}, "19": {"execution_time": 0.04000592231750488, "passed": false}, "20": {"execution_time": 0.03996157646179199, "passed": true}, "21": {"execution_time": 0.03816628456115723, "passed": false}, "22": {"execution_time": 0.03745293617248535, "passed": false}, "23": {"execution_time": 0.04005837440490723, "passed": false}, "24": {"execution_time": 0.04000258445739746, "passed": false}}}, "pylint_score": "4/10"}