{"version": "1", "message": "ERROR: Hidden Testcases server unreachable.", "problem_id": "cspp1_m10_a1_1", "user_id": "SupriyaMadupathi", "score": {"sample": {"0": {"execution_time": 0.05141901969909668, "passed": true}, "1": {"execution_time": 0.04400134086608887, "passed": true}, "2": {"execution_time": 0.0416259765625, "passed": true}, "3": {"execution_time": 0.03782844543457031, "passed": true}, "4": {"execution_time": 0.040041208267211914, "passed": true}, "5": {"execution_time": 0.044677734375, "passed": true}, "6": {"execution_time": 0.04004931449890137, "passed": true}, "7": {"execution_time": 0.043997764587402344, "passed": true}, "8": {"execution_time": 0.03999972343444824, "passed": true}, "9": {"execution_time": 0.04400181770324707, "passed": true}, "10": {"execution_time": 0.041947126388549805, "passed": true}, "11": {"execution_time": 0.03999924659729004, "passed": true}, "12": {"execution_time": 0.041726112365722656, "passed": true}, "13": {"execution_time": 0.04395699501037598, "passed": true}, "14": {"execution_time": 0.0435633659362793, "passed": true}, "15": {"execution_time": 0.040409088134765625, "passed": false}, "16": {"execution_time": 0.04028153419494629, "passed": true}, "17": {"execution_time": 0.03877830505371094, "passed": true}, "18": {"execution_time": 0.04182720184326172, "passed": true}, "19": {"execution_time": 0.03756070137023926, "passed": false}, "20": {"execution_time": 0.04258537292480469, "passed": true}, "21": {"execution_time": 0.040873050689697266, "passed": false}, "22": {"execution_time": 0.04008674621582031, "passed": false}, "23": {"execution_time": 0.04124045372009277, "passed": false}, "24": {"execution_time": 0.040041446685791016, "passed": false}}}, "pylint_score": "4/10"}