{"version": "1", "message": "ERROR: Hidden Testcases server unreachable.", "problem_id": "cspp1_m10_a1_1", "user_id": "SupriyaMadupathi", "score": {"sample": {"0": {"execution_time": 0.04584240913391113, "passed": true}, "1": {"execution_time": 0.041330814361572266, "passed": false}, "2": {"execution_time": 0.04488372802734375, "passed": false}, "3": {"execution_time": 0.04388260841369629, "passed": false}, "4": {"execution_time": 0.03992795944213867, "passed": false}, "5": {"execution_time": 0.043884992599487305, "passed": false}, "6": {"execution_time": 0.04188895225524902, "passed": false}, "7": {"execution_time": 0.03989267349243164, "passed": false}, "8": {"execution_time": 0.04388308525085449, "passed": false}, "9": {"execution_time": 0.04688668251037598, "passed": false}, "10": {"execution_time": 0.046875953674316406, "passed": false}, "11": {"execution_time": 0.04188799858093262, "passed": false}, "12": {"execution_time": 0.04288458824157715, "passed": false}, "13": {"execution_time": 0.04467892646789551, "passed": false}, "14": {"execution_time": 0.04088878631591797, "passed": false}, "15": {"execution_time": 0.04488325119018555, "passed": false}, "16": {"execution_time": 0.04118800163269043, "passed": false}, "17": {"execution_time": 0.04098916053771973, "passed": true}, "18": {"execution_time": 0.043944358825683594, "passed": false}, "19": {"execution_time": 0.04392814636230469, "passed": false}, "20": {"execution_time": 0.04587912559509277, "passed": true}, "21": {"execution_time": 0.04192185401916504, "passed": false}, "22": {"execution_time": 0.04201388359069824, "passed": false}, "23": {"execution_time": 0.04293012619018555, "passed": false}, "24": {"execution_time": 0.04318046569824219, "passed": false}}}, "pylint_score": "-10/10"}