{"version": "1", "message": "ERROR: Hidden Testcases server unreachable.", "problem_id": "cspp1_m10_a1_1", "user_id": "SupriyaMadupathi", "score": {"sample": {"0": {"execution_time": 0.031278133392333984, "passed": true}, "1": {"execution_time": 0.046858787536621094, "passed": false}, "2": {"execution_time": 0.031244516372680664, "passed": false}, "3": {"execution_time": 0.04682469367980957, "passed": false}, "4": {"execution_time": 0.031279802322387695, "passed": false}, "5": {"execution_time": 0.04682803153991699, "passed": false}, "6": {"execution_time": 0.031244516372680664, "passed": false}, "7": {"execution_time": 0.04686331748962402, "passed": false}, "8": {"execution_time": 0.04037809371948242, "passed": false}, "9": {"execution_time": 0.031279563903808594, "passed": false}, "10": {"execution_time": 0.046872854232788086, "passed": false}, "11": {"execution_time": 0.031238794326782227, "passed": false}, "12": {"execution_time": 0.031203508377075195, "passed": false}, "13": {"execution_time": 0.04690098762512207, "passed": false}, "14": {"execution_time": 0.031241655349731445, "passed": false}, "15": {"execution_time": 0.046826839447021484, "passed": false}, "16": {"execution_time": 0.03124237060546875, "passed": true}, "17": {"execution_time": 0.052919626235961914, "passed": true}, "18": {"execution_time": 0.033394575119018555, "passed": true}, "19": {"execution_time": 0.031279563903808594, "passed": false}, "20": {"execution_time": 0.04686284065246582, "passed": true}, "21": {"execution_time": 0.038210153579711914, "passed": false}, "22": {"execution_time": 0.031242847442626953, "passed": false}, "23": {"execution_time": 0.04689979553222656, "passed": false}, "24": {"execution_time": 0.031246662139892578, "passed": false}}}, "pylint_score": "3/10"}